Date,Close,Open,High,Low,Volume,Change rate %
2020/1/2,6,5.97,6,5.92,237.68M,2.04%
2020/1/3,5.9,5.88,5.95,5.85,205.77M,-1.67%
2020/1/6,5.93,5.81,5.93,5.78,262.91M,0.51%
2020/1/7,6,5.96,6.04,5.91,319.21M,1.18%
2020/1/8,6.01,5.99,6.05,5.95,277.24M,0.17%
2020/1/9,6.08,6.1,6.15,6.02,255.44M,1.16%
2020/1/10,6.11,6.18,6.21,6.09,316.46M,0.49%
2020/1/13,6.3,6.19,6.32,6.17,320.34M,3.11%
2020/1/14,6.18,6.26,6.28,6.17,359.58M,-1.90%
2020/1/15,6.14,6.19,6.22,6.11,263.11M,-0.65%
2020/1/16,6.22,6.19,6.23,6.17,284.19M,1.30%
2020/1/17,6.23,6.24,6.25,6.18,253.79M,0.16%
2020/1/21,6.2,6.2,6.23,6.16,217.92M,-0.48%
2020/1/22,6.25,6.24,6.34,6.22,239.24M,0.81%
2020/1/23,6.32,6.29,6.33,6.2,244.51M,1.12%
2020/1/24,6.26,6.44,6.49,6.21,373.51M,-0.95%
2020/1/27,6,5.96,6.06,5.81,470.53M,-4.15%
2020/1/28,6.2,6.07,6.23,6.02,310.98M,3.33%
2020/1/29,6.14,6.18,6.22,6.1,259.45M,-0.97%
2020/1/30,6.15,6.04,6.16,5.99,290.50M,0.16%
2020/1/31,5.91,6.1,6.11,5.87,370.42M,-3.90%
2020/2/3,6.01,5.89,6.03,5.89,255.93M,1.69%
2020/2/4,6.18,6.15,6.2,6.1,271.54M,2.83%
2020/2/5,6.27,6.3,6.31,6.19,208.22M,1.46%
2020/2/6,6.36,6.3,6.36,6.22,218.28M,1.44%
2020/2/7,6.29,6.32,6.34,6.26,189.75M,-1.10%
2020/2/10,6.57,6.31,6.58,6.31,529.61M,4.45%
2020/2/11,6.7,6.68,6.81,6.62,638.56M,1.98%
2020/2/12,6.81,6.75,6.82,6.71,374.64M,1.64%
2020/2/13,6.77,6.76,6.84,6.73,528.02M,-0.59%
2020/2/14,7.24,7.18,7.37,7.15,1.04B,6.94%
2020/2/18,7.41,7.14,7.43,7.12,621.88M,2.35%
2020/2/19,7.87,7.54,7.89,7.54,694.33M,6.21%
2020/2/20,7.72,7.82,7.91,7.41,810.05M,-1.91%
2020/2/21,7.35,7.6,7.63,7.27,769.29M,-4.79%
2020/2/24,6.83,6.75,7.05,6.7,856.91M,-7.07%
2020/2/25,6.55,6.91,6.97,6.45,1.06B,-4.10%
2020/2/26,6.69,6.55,6.89,6.55,749.66M,2.14%
2020/2/27,6.32,6.37,6.67,6.22,906.41M,-5.53%
2020/2/28,6.75,6.06,6.81,6.04,1.13B,6.80%
2020/3/2,6.91,6.92,6.94,6.53,890.75M,2.37%
2020/3/3,6.65,6.97,7.03,6.56,652.79M,-3.76%
2020/3/4,7.11,6.75,7.12,6.68,597.41M,6.92%
2020/3/5,6.83,6.91,7.08,6.79,540.33M,-3.94%
2020/3/6,6.65,6.65,6.71,6.45,515.41M,-2.64%
2020/3/9,6.14,6,6.49,5.95,614.16M,-7.67%
2020/3/10,6.53,6.41,6.53,6.15,580.65M,6.35%
2020/3/11,6.16,6.39,6.42,6.06,502.07M,-5.67%
2020/3/12,5.41,5.64,5.9,5.39,816.54M,-12.18%
2020/3/13,6.02,5.76,6.03,5.49,634.84M,11.28%
2020/3/16,4.91,5.31,5.65,4.85,726.97M,-18.44%
2020/3/17,5.43,5.02,5.52,4.78,833.63M,10.59%
2020/3/18,5.07,5,5.25,4.52,874.27M,-6.63%
2020/3/19,5.32,5.05,5.42,4.83,765.51M,4.93%
2020/3/20,5.14,5.47,5.76,5.13,804.63M,-3.38%
2020/3/23,5.32,5.14,5.41,4.96,643.87M,3.50%
2020/3/24,6.23,5.72,6.32,5.7,1.10B,17.11%
2020/3/25,6.14,6.34,6.55,6.09,793.43M,-1.44%
2020/3/26,6.43,6.35,6.56,6.25,697.59M,4.72%
2020/3/27,6.32,6.25,6.58,6.22,638.83M,-1.71%
2020/3/30,6.64,6.38,6.65,6.34,602.25M,5.06%
2020/3/31,6.59,6.68,6.88,6.44,949.96M,-0.75%
2020/4/1,6.08,6.39,6.54,6.03,656.91M,-7.74%
2020/4/2,6.39,6.11,6.4,6.06,675.76M,5.10%
2020/4/3,6.1,6.35,6.39,5.96,663.21M,-4.54%
2020/4/6,6.71,6.38,6.75,6.32,727.88M,10.00%
2020/4/7,6.48,6.93,6.96,6.43,784.52M,-3.43%
2020/4/8,6.67,6.59,6.7,6.51,542.44M,2.93%
2020/4/9,6.57,6.8,6.82,6.51,526.25M,-1.50%
2020/4/13,6.75,6.51,6.75,6.42,398.41M,2.74%
2020/4/14,7.1,6.88,7.13,6.85,530.95M,5.19%
2020/4/15,7.02,6.93,7.1,6.88,366.15M,-1.13%
2020/4/16,7.37,7.18,7.47,7.16,745.62M,4.99%
2020/4/17,7.31,7.45,7.47,7.17,539.12M,-0.81%
2020/4/20,7.18,7.18,7.34,7.13,449.39M,-1.78%
2020/4/21,6.74,7.06,7.12,6.68,735.16M,-6.13%
2020/4/22,7.15,6.93,7.2,6.88,484.73M,6.08%
2020/4/23,7.1,7.2,7.33,7.08,424.16M,-0.70%
2020/4/24,7.24,7.09,7.24,7.01,352.65M,1.97%
2020/4/27,7.43,7.37,7.59,7.35,479.39M,2.62%
2020/4/28,7.28,7.58,7.61,7.28,442.90M,-2.02%
2020/4/29,7.46,7.42,7.51,7.34,379.16M,2.47%
2020/4/30,7.31,7.41,7.46,7.29,375.92M,-2.01%
2020/5/1,7.07,7.11,7.22,7.02,342.10M,-3.28%
2020/5/4,7.28,7.02,7.3,7.02,317.56M,2.97%
2020/5/5,7.34,7.39,7.51,7.28,368.90M,0.82%
2020/5/6,7.44,7.42,7.55,7.39,323.47M,1.36%
2020/5/7,7.62,7.58,7.69,7.53,373.73M,2.42%
2020/5/8,7.81,7.69,7.82,7.66,339.91M,2.49%
2020/5/11,8.07,7.81,8.11,7.78,469.06M,3.33%
2020/5/12,7.8,8.12,8.17,7.79,493.06M,-3.35%
2020/5/13,7.78,7.92,8.08,7.59,625.85M,-0.26%
2020/5/14,8.03,7.84,8.04,7.69,602.31M,3.21%
2020/5/15,8.49,7.89,8.5,7.87,987.66M,5.73%
2020/5/18,8.75,8.76,8.92,8.68,776.40M,3.06%
2020/5/19,8.81,8.79,9.09,8.76,717.32M,0.69%
2020/5/20,8.97,8.99,9.04,8.89,587.54M,1.82%
2020/5/21,8.78,9.05,9.05,8.74,761.07M,-2.12%
2020/5/22,9.03,8.83,9.09,8.71,1.04B,2.85%
2020/5/26,8.72,9.16,9.18,8.67,770.78M,-3.43%
2020/5/27,8.53,8.62,8.63,8,1.18B,-2.18%
2020/5/28,8.49,8.41,8.76,8.38,736.13M,-0.47%
2020/5/29,8.88,8.55,8.88,8.48,745.92M,4.59%
2020/6/1,8.81,8.83,8.84,8.69,390.51M,-0.79%
2020/6/2,8.83,8.8,8.84,8.66,391.32M,0.23%
2020/6/3,8.77,8.82,8.87,8.7,365.44M,-0.68%
2020/6/4,8.77,8.73,8.94,8.68,424.28M,0.00%
2020/6/5,8.92,8.79,9,8.71,481.75M,1.71%
2020/6/8,8.8,8.88,8.89,8.69,387.74M,-1.35%
2020/6/9,9.05,8.8,9.11,8.75,468.49M,2.84%
2020/6/10,9.37,9.17,9.5,9.15,632.18M,3.54%
2020/6/11,8.8,9.15,9.26,8.79,583.65M,-6.08%
2020/6/12,8.93,9.16,9.19,8.7,570.91M,1.48%
2020/6/15,9.17,8.82,9.18,8.74,400.00M,2.69%
2020/6/16,9.07,9.22,9.27,8.84,535.72M,-1.09%
2020/6/17,9.24,9.11,9.3,9.07,408.31M,1.87%
2020/6/18,9.22,9.23,9.28,9.11,254.41M,-0.22%
2020/6/19,9.26,9.24,9.45,9.23,524.16M,0.43%
2020/6/22,9.53,9.3,9.53,9.27,398.47M,2.92%
2020/6/23,9.45,9.55,9.64,9.41,375.11M,-0.84%
2020/6/24,9.24,9.48,9.56,9.14,449.37M,-2.22%
2020/6/25,9.49,9.36,9.51,9.18,376.07M,2.71%
2020/6/26,9.15,9.5,9.5,9.12,592.09M,-3.58%
2020/6/29,9.2,9.17,9.2,8.9,342.25M,0.55%
2020/6/30,9.5,9.31,9.53,9.27,367.89M,3.26%
2020/7/1,9.53,9.52,9.58,9.41,326.65M,0.32%
2020/7/2,9.61,9.64,9.74,9.58,364.05M,0.84%
2020/7/6,9.84,9.74,9.91,9.71,315.89M,2.39%
2020/7/7,9.87,9.95,10.07,9.85,357.80M,0.30%
2020/7/8,10.22,9.99,10.22,9.97,365.48M,3.55%
2020/7/9,10.51,10.38,10.57,10.23,494.55M,2.84%
2020/7/10,10.48,10.59,10.66,10.38,497.67M,-0.29%
2020/7/13,10.05,10.6,10.79,10.03,457.07M,-4.10%
2020/7/14,10.38,10.07,10.4,9.79,542.67M,3.28%
2020/7/15,10.23,10.41,10.43,10.06,403.98M,-1.45%
2020/7/16,10.13,10.02,10.21,9.9,344.96M,-0.98%
2020/7/17,10.2,10.23,10.25,10.09,266.28M,0.69%
2020/7/20,10.51,10.27,10.53,10.16,284.85M,3.04%
2020/7/21,10.33,10.51,10.56,10.29,277.67M,-1.71%
2020/7/22,10.44,10.37,10.6,10.29,367.29M,1.06%
2020/7/23,10.13,10.45,10.55,10.03,411.66M,-2.97%
2020/7/24,10.19,9.88,10.36,9.78,473.29M,0.59%
2020/7/27,10.42,10.23,10.44,10.22,292.13M,2.26%
2020/7/28,10.22,10.37,10.38,10.21,271.64M,-1.92%
2020/7/29,10.47,10.39,10.52,10.35,284.51M,2.45%
2020/7/30,10.61,10.38,10.62,10.3,308.88M,1.34%
2020/7/31,10.61,10.56,10.77,10.43,386.29M,0.00%
2020/8/3,11.01,10.73,11.1,10.72,413.02M,3.77%
2020/8/4,11.23,11.05,11.23,10.91,310.34M,2.00%
2020/8/5,11.29,11.24,11.37,11.17,250.50M,0.53%
2020/8/6,11.34,11.35,11.36,11.18,244.32M,0.44%
2020/8/7,11.2,11.31,11.5,11.04,342.52M,-1.23%
2020/8/10,11.16,11.33,11.41,10.86,427.80M,-0.36%
2020/8/11,10.85,11.07,11.14,10.8,354.51M,-2.78%
2020/8/12,11.44,10.99,11.47,10.96,464.94M,5.44%
2020/8/13,11.44,11.55,11.72,11.36,374.46M,0.00%
2020/8/14,11.56,11.53,11.7,11.44,366.44M,1.05%
2020/8/17,12.34,11.85,12.41,11.82,621.30M,6.75%
2020/8/18,12.26,12.45,12.5,12.09,503.45M,-0.65%
2020/8/19,12.14,12.3,12.31,12.1,622.62M,-0.98%
2020/8/20,12.14,11.97,12.38,11.88,921.39M,0.00%
2020/8/21,12.68,12.2,12.81,12.2,999.87M,4.45%
2020/8/24,12.72,12.88,12.91,12.51,490.56M,0.32%
2020/8/25,12.75,12.63,12.76,12.57,289.08M,0.24%
2020/8/26,12.77,12.8,12.87,12.68,321.24M,0.16%
2020/8/27,12.63,12.78,12.85,12.57,317.60M,-1.10%
2020/8/28,13.15,12.67,13.15,12.64,537.16M,4.12%
2020/8/31,13.37,13.18,13.57,13.04,500.84M,1.67%
2020/9/1,13.82,13.48,13.99,13.44,512.47M,3.37%
2020/9/2,14.35,14.7,14.73,13.9,874.01M,3.84%
2020/9/3,13.02,13.83,13.88,12.88,945.13M,-9.27%
2020/9/4,12.62,12.78,13.18,11.7,1.46B,-3.07%
2020/9/8,11.91,11.73,12.55,11.7,795.73M,-5.63%
2020/9/9,12.71,12.4,12.81,12.23,736.20M,6.72%
2020/9/10,12.31,12.99,13.07,12.17,698.68M,-3.15%
2020/9/11,12.16,12.49,12.65,11.9,636.93M,-1.22%
2020/9/14,12.87,13.08,13.31,12.63,1.20B,5.84%
2020/9/15,12.99,13.28,13.3,12.83,727.56M,0.93%
2020/9/16,12.51,12.96,13.09,12.51,557.60M,-3.70%
2020/9/17,12.46,12.13,12.59,12.03,792.51M,-0.40%
2020/9/18,12.19,12.59,12.63,11.99,698.46M,-2.17%
2020/9/21,12.52,11.93,12.52,11.9,721.04M,2.71%
2020/9/22,12.64,12.57,12.65,12.16,646.45M,0.96%
2020/9/23,12.12,12.58,12.73,12.08,647.01M,-4.11%
2020/9/24,12.35,12.07,12.57,12.01,731.24M,1.90%
2020/9/25,12.87,12.45,12.88,12.25,588.02M,4.21%
2020/9/28,13.04,13.04,13.05,12.75,573.81M,1.32%
2020/9/29,13.23,12.94,13.44,12.93,623.00M,1.46%
2020/9/30,13.53,13.16,13.62,13.15,689.18M,2.27%
2020/10/1,13.61,13.76,13.76,13.46,525.00M,0.59%
2020/10/2,13.06,13.22,13.52,13.05,552.50M,-4.04%
2020/10/5,13.64,13.24,13.64,13.22,479.82M,4.44%
2020/10/6,13.74,13.83,14.14,13.66,784.42M,0.73%
2020/10/7,13.96,14,14.12,13.86,418.09M,1.60%
2020/10/8,13.84,14.07,14.08,13.76,378.90M,-0.86%
2020/10/9,13.76,13.77,13.82,13.66,346.89M,-0.58%
2020/10/12,14.23,13.99,14.35,13.91,434.74M,3.42%
2020/10/13,14.25,14.3,14.35,14.02,344.60M,0.14%
2020/10/14,14.1,14.29,14.34,13.96,276.65M,-1.05%
2020/10/15,13.97,13.81,14.01,13.77,267.23M,-0.92%
2020/10/16,13.81,14.04,14.12,13.79,242.64M,-1.15%
2020/10/19,13.5,13.9,13.98,13.41,298.07M,-2.24%
2020/10/20,13.65,13.58,13.8,13.51,229.21M,1.11%
2020/10/21,13.52,13.62,13.79,13.48,219.60M,-0.95%
2020/10/22,13.36,13.52,13.61,13.23,290.48M,-1.18%
2020/10/23,13.59,13.45,13.59,13.29,233.48M,1.72%
2020/10/26,13.14,13.43,13.69,13.04,336.89M,-3.31%
2020/10/27,13.4,13.31,13.44,13.19,250.52M,1.98%
2020/10/28,12.63,13.2,13.26,12.61,376.52M,-5.75%
2020/10/29,13.02,12.84,13.19,12.75,320.08M,3.09%
2020/10/30,12.53,12.85,12.94,12.3,417.40M,-3.76%
2020/11/2,12.58,12.66,12.84,12.39,299.65M,0.40%
2020/11/3,13.02,12.71,13.11,12.6,272.90M,3.50%
2020/11/4,13.79,13.39,13.83,13.34,410.23M,5.91%
2020/11/5,14.16,14.16,14.34,13.99,319.03M,2.68%
2020/11/6,14.56,14.11,14.59,13.89,383.35M,2.82%
2020/11/9,13.63,14.55,14.69,13.61,582.98M,-6.39%
2020/11/10,12.77,13.61,13.61,12.63,644.07M,-6.31%
2020/11/11,13.42,13.05,13.43,12.95,404.74M,5.09%
2020/11/12,13.46,13.48,13.77,13.32,366.64M,0.30%
2020/11/13,13.3,13.63,13.67,13.06,346.76M,-1.19%
2020/11/16,13.52,13.17,13.65,13.16,413.77M,1.65%
2020/11/17,13.42,13.55,13.6,13.3,312.03M,-0.74%
2020/11/18,13.43,13.47,13.61,13.19,510.93M,0.07%
2020/11/19,13.44,13.21,13.49,13.1,565.93M,0.07%
2020/11/20,13.09,13.45,13.49,13.06,341.09M,-2.60%
2020/11/23,13.14,13.17,13.38,13.02,361.35M,0.38%
2020/11/24,12.96,13.14,13.16,12.88,346.50M,-1.37%
2020/11/25,13.23,13.03,13.27,13.02,259.92M,2.08%
2020/11/27,13.26,13.38,13.41,13.17,167.28M,0.23%
2020/11/30,13.4,13.27,13.41,12.97,286.95M,1.06%
2020/12/1,13.39,13.49,13.53,13.23,297.57M,-0.07%
2020/12/2,13.54,13.35,13.67,13.23,283.36M,1.12%
2020/12/3,13.4,13.59,13.66,13.33,199.52M,-1.03%
2020/12/4,13.56,13.45,13.56,13.39,202.24M,1.19%
2020/12/7,13.61,13.6,13.73,13.5,223.24M,0.37%
2020/12/8,13.35,13.59,13.6,13.28,271.92M,-1.91%
2020/12/9,12.93,13.3,13.41,12.87,401.30M,-3.15%
2020/12/10,12.97,12.87,13.07,12.85,207.76M,0.31%
2020/12/11,13.01,12.97,13.02,12.82,209.27M,0.31%
2020/12/14,13.31,13.09,13.39,13.08,270.16M,2.31%
2020/12/15,13.36,13.44,13.46,13.19,193.49M,0.38%
2020/12/16,13.24,13.42,13.44,13.21,223.11M,-0.90%
2020/12/17,13.34,13.37,13.38,13.18,231.38M,0.76%
2020/12/18,13.27,13.38,13.4,13.07,342.06M,-0.52%
2020/12/21,13.33,13.07,13.37,12.97,302.33M,0.45%
2020/12/22,13.28,13.32,13.34,13.05,186.31M,-0.38%
2020/12/23,13.01,13.26,13.28,13.01,179.14M,-2.03%
2020/12/24,12.99,13.04,13.13,12.94,97.88M,-0.15%
2020/12/28,12.9,13.06,13.06,12.76,212.57M,-0.69%
2020/12/29,12.94,12.93,13.07,12.84,170.37M,0.31%
2020/12/30,13.15,12.99,13.21,12.9,225.40M,1.62%
2020/12/31,13.05,13.14,13.15,12.91,192.42M,-0.76%
2021/1/4,13.11,13.1,13.65,12.96,560.64M,0.46%
2021/1/5,13.4,13.1,13.44,13.09,322.76M,2.21%
2021/1/6,12.61,13.22,13.24,12.59,580.42M,-5.90%
2021/1/7,13.34,12.97,13.38,12.89,461.48M,5.79%
2021/1/8,13.28,13.36,13.42,13.04,292.53M,-0.45%
2021/1/11,13.62,13.42,13.96,13.36,519.03M,2.56%
2021/1/12,13.48,13.75,13.75,13.35,291.48M,-1.03%
2021/1/13,13.53,13.49,13.62,13.39,210.03M,0.37%
2021/1/14,13.2,13.57,13.6,13.18,283.12M,-2.44%
2021/1/15,12.86,13.23,13.33,12.85,277.78M,-2.58%
2021/1/19,13.03,13.02,13.09,12.84,226.19M,1.32%
2021/1/20,13.37,13.11,13.43,13.06,258.57M,2.61%
2021/1/21,13.87,13.42,14,13.25,338.34M,3.74%
2021/1/22,13.71,13.74,13.84,13.63,246.82M,-1.15%
2021/1/25,13.65,13.78,13.83,13.24,251.11M,-0.44%
2021/1/26,13.44,13.58,13.64,13.39,163.98M,-1.54%
2021/1/27,12.92,13.23,13.23,12.79,371.27M,-3.87%
2021/1/28,13.05,13,13.34,12.96,228.32M,1.01%
2021/1/29,12.99,13.07,13.33,12.91,271.55M,-0.46%
2021/2/1,13.24,13.05,13.27,12.9,217.20M,1.92%
2021/2/2,13.56,13.4,13.57,13.29,220.44M,2.42%
2021/2/3,13.53,13.64,13.93,13.52,245.41M,-0.22%
2021/2/4,13.66,13.53,13.67,13.34,201.34M,0.96%
2021/2/5,13.59,13.72,13.74,13.55,169.15M,-0.51%
2021/2/8,14.44,13.73,14.47,13.73,434.62M,6.25%
2021/2/9,14.26,14.34,14.58,14.22,287.56M,-1.25%
2021/2/10,14.76,14.46,14.9,14.34,485.35M,3.51%
2021/2/11,15.25,14.98,15.27,14.93,450.83M,3.32%
2021/2/12,14.96,15.05,15.29,14.78,374.76M,-1.90%
2021/2/16,15.33,15.06,15.37,14.95,321.96M,2.47%
2021/2/17,14.91,15.17,15.22,14.78,275.70M,-2.74%
2021/2/18,14.83,14.73,14.87,14.57,234.08M,-0.54%
2021/2/19,14.93,15.02,15.18,14.85,271.72M,0.67%
2021/2/22,14.36,14.77,15.13,14.32,325.89M,-3.82%
2021/2/23,14.14,14.08,14.24,13.39,391.78M,-1.53%
2021/2/24,14.5,14.12,14.51,13.76,448.32M,2.55%
2021/2/25,13.31,14.05,14.37,13.22,824.44M,-8.21%
2021/2/26,13.71,13.75,13.85,13.36,500.93M,3.01%
2021/3/1,13.84,13.88,13.93,13.55,353.18M,0.95%
2021/3/2,13.41,13.9,13.92,13.4,264.11M,-3.11%
2021/3/3,12.8,13.43,13.45,12.8,377.59M,-4.55%
2021/3/4,12.37,12.8,12.97,12.08,573.35M,-3.36%
2021/3/5,12.46,12.55,12.55,11.68,542.84M,0.73%
2021/3/8,11.59,12.45,12.47,11.57,543.11M,-6.98%
2021/3/9,12.52,12.13,12.62,12.06,521.83M,8.02%
2021/3/10,12.47,12.84,12.98,12.46,384.38M,-0.40%
2021/3/11,12.99,12.95,13.05,12.73,299.91M,4.17%
2021/3/12,12.86,12.65,12.89,12.59,243.96M,-1.00%
2021/3/15,13.19,12.86,13.21,12.77,222.52M,2.57%
2021/3/16,13.29,13.36,13.51,13.12,272.13M,0.76%
2021/3/17,13.34,13.04,13.45,12.99,243.86M,0.38%
2021/3/18,12.72,13.14,13.18,12.72,294.19M,-4.65%
2021/3/19,12.85,12.75,12.92,12.61,299.21M,1.02%
2021/3/22,13.19,12.91,13.39,12.91,297.80M,2.65%
2021/3/23,13.07,13.25,13.34,13.02,222.05M,-0.91%
2021/3/24,12.64,13.15,13.16,12.64,245.84M,-3.29%
2021/3/25,12.54,12.5,12.71,12.27,295.14M,-0.79%
2021/3/26,12.84,12.55,12.86,12.37,363.97M,2.39%
2021/3/29,12.95,12.82,13.06,12.7,273.52M,0.86%
2021/3/30,12.87,12.84,12.98,12.71,200.20M,-0.62%
2021/3/31,13.35,13.02,13.47,12.98,314.78M,3.73%
2021/4/1,13.81,13.57,13.87,13.51,308.27M,3.45%
2021/4/5,13.99,13.87,14.01,13.73,255.67M,1.30%
2021/4/6,13.86,14,14.05,13.77,191.75M,-0.93%
2021/4/7,14.14,13.88,14.24,13.71,251.28M,2.02%
2021/4/8,14.32,14.25,14.47,14.25,244.41M,1.27%
2021/4/9,14.4,14.21,14.41,14.18,195.17M,0.56%
2021/4/12,15.21,14.29,15.35,14.14,869.32M,5.63%
2021/4/13,15.68,15.23,15.7,15.13,676.21M,3.09%
2021/4/14,15.28,15.62,15.72,15.23,385.50M,-2.55%
2021/4/15,16.14,15.66,16.21,15.63,598.48M,5.63%
2021/4/16,15.91,16.05,16.17,15.87,335.21M,-1.43%
2021/4/19,15.36,15.54,15.81,15.23,404.42M,-3.46%
2021/4/20,15.17,15.32,15.5,14.96,334.13M,-1.24%
2021/4/21,15.36,15.12,15.36,15.1,216.78M,1.25%
2021/4/22,14.85,15.38,15.44,14.78,277.79M,-3.32%
2021/4/23,15.27,14.93,15.33,14.9,227.77M,2.83%
2021/4/26,15.48,15.19,15.48,15.12,197.80M,1.38%
2021/4/27,15.38,15.58,15.67,15.35,164.57M,-0.65%
2021/4/28,15.28,15.36,15.53,15.22,209.42M,-0.65%
2021/4/29,15.32,15.4,15.44,15.07,173.20M,0.26%
2021/4/30,15.01,15.17,15.36,15,201.91M,-2.02%
2021/5/3,14.84,15.12,15.25,14.79,203.91M,-1.13%
2021/5/4,14.35,14.64,14.64,14.01,405.32M,-3.30%
2021/5/5,14.46,14.71,14.81,14.39,292.02M,0.77%
2021/5/6,14.52,14.5,14.57,14.22,193.38M,0.41%
2021/5/7,14.81,14.81,14.97,14.67,229.33M,2.00%
2021/5/10,14.27,14.79,14.81,14.25,268.90M,-3.65%
2021/5/11,14.31,13.82,14.35,13.75,285.59M,0.28%
2021/5/12,13.76,14.01,14.26,13.71,303.41M,-3.84%
2021/5/13,13.67,14.03,14.08,13.46,285.73M,-0.65%
2021/5/14,14.24,13.89,14.33,13.75,258.62M,4.17%
2021/5/17,14.17,14.16,14.17,13.85,216.98M,-0.49%
2021/5/18,14.02,14.27,14.4,14,186.25M,-1.06%
2021/5/19,14.07,13.57,14.08,13.54,344.00M,0.36%
2021/5/20,14.61,14.3,14.68,14.27,321.59M,3.84%
2021/5/21,14.99,15.16,15.22,14.87,672.99M,2.60%
2021/5/24,15.61,15.21,15.74,15.18,554.82M,4.14%
2021/5/25,15.65,15.77,15.82,15.48,435.41M,0.26%
2021/5/26,15.7,15.73,15.79,15.59,370.44M,0.32%
2021/5/27,15.49,15.7,15.75,15.46,581.48M,-1.34%
2021/5/28,16.24,15.5,16.28,15.5,644.54M,4.84%
2021/6/1,16.26,16.27,16.39,15.9,472.80M,0.12%
2021/6/2,16.78,16.25,16.92,16.24,594.17M,3.20%
2021/6/3,16.97,16.7,17.26,16.58,580.01M,1.13%
2021/6/4,17.58,17.11,17.66,17.1,617.12M,3.59%
2021/6/7,17.62,17.57,17.81,17.19,575.75M,0.23%
2021/6/8,17.46,17.53,17.62,17.25,323.85M,-0.91%
2021/6/9,17.36,17.52,17.57,17.26,381.66M,-0.57%
2021/6/10,17.43,17.35,17.49,17.18,287.77M,0.40%
2021/6/11,17.83,17.48,17.94,17.44,416.31M,2.29%
2021/6/14,18.02,17.91,18.04,17.66,321.37M,1.07%
2021/6/15,17.79,17.91,18.02,17.73,243.03M,-1.28%
2021/6/16,17.81,17.79,17.95,17.58,307.12M,0.11%
2021/6/17,18.66,17.77,18.84,17.76,809.65M,4.77%
2021/6/18,18.64,18.78,19.38,18.58,968.85M,-0.11%
2021/6/21,18.43,18.44,18.54,17.82,672.38M,-1.13%
2021/6/22,18.89,18.47,18.96,18.39,580.15M,2.50%
2021/6/23,19.06,19.01,19.15,18.91,332.36M,0.90%
2021/6/24,19.21,19.23,19.42,19.09,320.92M,0.79%
2021/6/25,19.03,19.28,19.35,18.89,278.37M,-0.94%
2021/6/28,19.98,19.36,20.08,19.32,495.44M,4.99%
2021/6/29,20.03,19.88,20.1,19.66,367.63M,0.25%
2021/6/30,20,20,20.16,19.86,326.57M,-0.15%
2021/7/1,20.21,20.12,20.46,20.02,480.13M,1.05%
2021/7/2,20.49,20.44,20.51,20.29,343.40M,1.39%
2021/7/6,20.7,20.74,20.84,20.35,446.71M,1.02%
2021/7/7,20.37,20.85,20.88,20.33,418.43M,-1.59%
2021/7/8,19.9,19.86,20.13,19.7,503.30M,-2.31%
2021/7/9,20.05,19.96,20.08,19.75,296.62M,0.75%
2021/7/12,20.51,20.24,20.53,20.19,321.98M,2.29%
2021/7/13,20.25,20.4,20.46,20.11,290.71M,-1.27%
2021/7/14,19.84,20.36,20.42,19.75,380.10M,-2.02%
2021/7/15,18.97,19.81,19.85,18.86,550.56M,-4.39%
2021/7/16,18.16,19.03,19.16,18.07,688.22M,-4.27%
2021/7/19,18.78,17.92,19.04,17.87,749.06M,3.41%
2021/7/20,18.61,18.73,18.84,18.16,434.69M,-0.91%
2021/7/21,19.41,18.88,19.53,18.74,371.02M,4.30%
2021/7/22,19.59,19.64,19.89,19.28,323.83M,0.93%
2021/7/23,19.56,19.66,19.7,19.25,195.67M,-0.15%
2021/7/26,19.29,19.31,19.44,18.91,203.94M,-1.38%
2021/7/27,19.21,19.27,19.62,18.74,248.86M,-0.41%
2021/7/28,19.5,19.32,19.65,19,202.19M,1.51%
2021/7/29,19.66,19.52,19.85,19.33,190.78M,0.82%
2021/7/30,19.5,19.42,19.63,19.26,183.50M,-0.81%
2021/8/2,19.75,19.7,19.96,19.36,217.44M,1.28%
2021/8/3,19.82,19.74,20.22,19.22,301.81M,0.35%
2021/8/4,20.27,19.99,20.32,19.83,231.31M,2.27%
2021/8/5,20.64,20.5,20.73,20.34,211.44M,1.83%
2021/8/6,20.37,20.52,20.57,20.21,178.50M,-1.31%
2021/8/9,20.3,20.45,20.51,20.14,146.44M,-0.34%
2021/8/10,19.94,20.32,20.43,19.83,179.24M,-1.77%
2021/8/11,19.7,20.04,20.05,19.43,185.92M,-1.20%
2021/8/12,19.91,19.87,20.03,19.62,151.86M,1.07%
2021/8/13,20.19,19.91,20.21,19.85,183.06M,1.41%
2021/8/16,19.95,20.14,20.29,19.45,211.15M,-1.19%
2021/8/17,19.46,19.68,19.77,19.27,204.58M,-2.46%
2021/8/18,19.04,19.5,19.63,19,285.91M,-2.16%
2021/8/19,19.8,19.49,20.5,18.76,766.55M,3.99%
2021/8/20,20.82,19.99,20.87,19.93,675.74M,5.15%
2021/8/23,21.96,20.97,22,20.95,575.81M,5.48%
2021/8/24,21.79,21.75,21.96,21.54,297.30M,-0.77%
2021/8/25,22.21,21.74,22.47,21.72,347.70M,1.93%
2021/8/26,22.07,22.2,22.34,21.79,237.94M,-0.63%
2021/8/27,22.64,22.18,22.72,22.17,304.72M,2.58%
2021/8/30,22.69,22.83,23.04,22.55,262.58M,0.22%
2021/8/31,22.39,22.7,22.7,22.12,259.85M,-1.32%
2021/9/1,22.44,22.48,22.7,22.36,201.77M,0.22%
2021/9/2,22.4,22.52,22.59,22.29,188.11M,-0.18%
2021/9/3,22.84,22.32,22.99,22.2,280.83M,1.96%
2021/9/7,22.66,22.83,22.9,22.52,198.11M,-0.79%
2021/9/8,22.34,22.51,22.61,21.98,254.43M,-1.41%
2021/9/9,22.18,22.31,22.54,22.13,196.86M,-0.72%
2021/9/10,22.48,22.35,22.63,22.27,248.38M,1.35%
2021/9/13,22.15,22.68,22.96,21.86,297.50M,-1.47%
2021/9/14,22.24,22.27,22.41,22.09,199.75M,0.41%
2021/9/15,22.34,22.31,22.37,21.97,166.54M,0.45%
2021/9/16,22.24,22.18,22.28,21.93,156.03M,-0.45%
2021/9/17,21.9,22.3,22.32,21.83,294.50M,-1.53%
2021/9/20,21.11,21.15,21.43,20.66,349.44M,-3.61%
2021/9/21,21.25,21.42,21.43,20.95,204.69M,0.66%
2021/9/22,21.94,21.37,21.96,21.2,268.73M,3.25%
2021/9/23,22.48,22.14,22.53,21.89,248.55M,2.46%
2021/9/24,22.08,22.07,22.15,21.86,217.66M,-1.78%
2021/9/27,21.66,21.71,21.8,21.32,245.22M,-1.90%
2021/9/28,20.7,21.21,21.42,20.65,343.07M,-4.43%
2021/9/29,20.52,20.94,21.02,20.47,218.39M,-0.87%
2021/9/30,20.72,20.77,21.07,20.69,221.01M,0.97%
2021/10/1,20.74,20.75,20.86,20.2,240.98M,0.10%
2021/10/4,19.73,20.5,20.54,19.55,345.63M,-4.87%
2021/10/5,20.45,19.95,20.65,19.85,279.28M,3.65%
2021/10/6,20.7,20.12,20.72,20.08,297.20M,1.22%
2021/10/7,21.07,21.09,21.32,20.97,256.92M,1.79%
2021/10/8,20.83,21.1,21.21,20.77,151.26M,-1.14%
2021/10/11,20.7,20.57,21.06,20.51,163.39M,-0.62%
2021/10/12,20.67,20.83,21.06,20.53,162.13M,-0.14%
2021/10/13,20.94,20.92,20.99,20.71,180.65M,1.31%
2021/10/14,21.75,21.29,21.75,21.12,243.59M,3.87%
2021/10/15,21.86,21.81,21.93,21.66,226.99M,0.51%
2021/10/18,22.22,21.75,22.29,21.64,189.49M,1.65%
2021/10/19,22.29,22.28,22.38,22.04,161.47M,0.32%
2021/10/20,22.1,22.3,22.43,21.98,146.28M,-0.85%
2021/10/21,22.69,22.1,22.71,22.08,187.59M,2.67%
2021/10/22,22.73,22.82,23.13,22.56,249.38M,0.18%
2021/10/25,23.17,22.97,23.35,22.77,230.23M,1.94%
2021/10/26,24.72,23.99,25.26,23.92,485.90M,6.69%
2021/10/27,24.45,24.47,25.09,24.28,245.99M,-1.09%
2021/10/28,24.94,24.88,24.95,24.52,234.20M,2.00%
2021/10/29,25.57,25,25.71,25,292.50M,2.53%
2021/11/1,25.83,25.65,25.89,25.23,265.74M,1.02%
2021/11/2,26.4,25.82,26.68,25.8,294.11M,2.21%
2021/11/3,26.6,26.67,26.78,26.23,239.91M,0.76%
2021/11/4,29.8,27.23,31.36,27.12,1.15B,12.03%
2021/11/5,29.75,30.19,31.4,29.41,851.26M,-0.17%
2021/11/8,30.8,30.15,31.1,29.91,503.10M,3.53%
2021/11/9,30.66,32.28,32.31,29.96,646.75M,-0.45%
2021/11/10,29.46,29.36,30.85,28.78,636.21M,-3.91%
2021/11/11,30.39,30.47,30.59,29.78,332.17M,3.16%
2021/11/12,30.39,30.01,30.68,29.63,413.05M,0.00%
2021/11/15,30.02,30.55,30.64,29.25,384.91M,-1.22%
2021/11/16,30.2,29.76,30.39,29.71,264.48M,0.60%
2021/11/17,29.26,30.42,30.51,28.8,428.51M,-3.11%
2021/11/18,31.68,32.37,32.76,31.32,781.71M,8.27%
2021/11/19,32.98,32.24,33.09,31.91,533.87M,4.10%
2021/11/22,31.96,33.52,34.65,31.9,754.34M,-3.09%
2021/11/23,31.75,31.54,32.36,30.88,532.16M,-0.66%
2021/11/24,32.67,31.46,32.85,30.93,435.16M,2.90%
2021/11/26,31.5,32.6,32.71,31.35,283.07M,-3.58%
2021/11/29,33.38,32.37,33.41,32.04,454.96M,5.97%
2021/11/30,32.68,33.17,33.35,31.86,622.07M,-2.10%
2021/12/1,31.43,33.22,33.29,31.38,485.80M,-3.82%
2021/12/2,32.13,31.21,32.48,31.02,472.89M,2.23%
2021/12/3,30.69,32,32.13,30.13,544.33M,-4.48%
2021/12/6,30.04,29.88,30.24,28.04,658.94M,-2.12%
2021/12/7,32.43,30.96,32.45,30.65,593.05M,7.96%
2021/12/8,31.83,32,32.29,31.42,475.55M,-1.85%
2021/12/9,30.49,31.73,32.2,30.43,488.51M,-4.21%
2021/12/10,30.2,31.15,31.3,29.86,488.83M,-0.95%
2021/12/13,28.16,30.25,30.29,28.12,598.34M,-6.75%
2021/12/14,28.34,27.7,28.68,27.25,667.04M,0.64%
2021/12/15,30.46,28.4,30.5,27.84,698.30M,7.48%
2021/12/16,28.39,31.15,31.16,28.09,707.37M,-6.80%
2021/12/17,27.8,27.98,28.92,27.76,716.62M,-2.08%
2021/12/20,27.72,27.3,28.14,27.14,461.85M,-0.29%
2021/12/21,29.07,28.37,29.12,27.4,524.38M,4.87%
2021/12/22,29.4,28.89,29.55,28.45,395.18M,1.14%
2021/12/23,29.64,29.75,30.06,29.43,343.02M,0.82%
2021/12/27,30.95,29.66,31.09,29.64,403.69M,4.42%
2021/12/28,30.32,31.31,31.33,30.01,420.59M,-2.04%
2021/12/29,30,30.27,30.55,29.37,343.14M,-1.06%
2021/12/30,29.59,29.83,30.46,29.54,308.86M,-1.37%
2021/12/31,29.41,29.67,30.03,29.33,266.53M,-0.61%
2022/1/3,30.12,29.82,30.71,29.79,392.40M,2.41%
2022/1/4,29.29,30.28,30.47,28.35,527.15M,-2.76%
2022/1/5,27.6,28.95,29.42,27.53,498.06M,-5.77%
2022/1/6,28.18,27.64,28.44,27.07,454.19M,2.10%
2022/1/7,27.25,28.14,28.42,27.06,409.94M,-3.30%
2022/1/10,27.4,26.58,27.47,25.64,594.68M,0.55%
2022/1/11,27.82,27.32,28.07,26.84,404.09M,1.53%
2022/1/12,28,28.07,28.59,27.61,383.41M,0.65%
2022/1/13,26.57,28.38,28.48,26.5,538.87M,-5.11%
2022/1/14,26.94,26.3,27.2,26.21,395.83M,1.39%
2022/1/18,25.9,26.26,26.64,25.77,425.31M,-3.86%
2022/1/19,25.07,26.08,26.54,25.05,488.31M,-3.20%
2022/1/20,24.15,25.3,25.58,24.08,435.18M,-3.67%
2022/1/21,23.37,23.51,24.82,23.26,718.96M,-3.23%
2022/1/24,23.37,22.33,23.38,20.89,915.81M,0.00%
2022/1/25,22.32,22.55,22.94,22,664.62M,-4.49%
2022/1/26,22.77,23.24,24.06,22.3,755.96M,2.02%
2022/1/27,21.94,23.57,24,21.68,573.35M,-3.65%
2022/1/28,22.84,22.01,22.86,21.3,543.77M,4.10%
2022/1/31,24.49,23.18,24.51,23.05,564.68M,7.22%
2022/2/1,24.64,25.1,25.14,23.89,518.93M,0.61%
2022/2/2,25.24,25.79,25.82,24.55,543.42M,2.44%
2022/2/3,23.95,24.46,25.08,23.78,410.18M,-5.11%
2022/2/4,24.32,23.97,24.64,23.63,354.83M,1.54%
2022/2/7,24.73,24.37,25.18,24.2,376.87M,1.69%
2022/2/8,25.11,24.36,25.23,23.98,410.36M,1.54%
2022/2/9,26.7,25.62,26.73,25.35,524.28M,6.33%
2022/2/10,25.82,26,26.92,25.6,513.20M,-3.30%
2022/2/11,23.95,25.92,26.15,23.77,605.47M,-7.24%
2022/2/14,24.27,23.93,24.88,23.75,440.42M,1.34%
2022/2/15,26.5,24.95,26.55,24.78,701.75M,9.19%
2022/2/16,26.51,26.26,26.58,25.55,732.68M,0.04%
2022/2/17,24.51,25.63,25.79,24.16,810.60M,-7.54%
2022/2/18,23.64,24.67,24.99,23.1,761.25M,-3.55%
2022/2/22,23.39,23.04,24.06,23,633.42M,-1.06%
2022/2/23,22.39,23.8,24.15,22.3,566.51M,-4.28%
2022/2/24,23.75,21.02,23.8,20.89,735.80M,6.07%
2022/2/25,24.16,23.72,24.22,23.38,528.87M,1.73%
2022/2/28,24.39,23.99,24.66,23.71,477.32M,0.95%
2022/3/1,23.48,24.29,24.38,23.13,412.06M,-3.73%
2022/3/2,24.22,23.76,24.41,23.41,389.64M,3.15%
2022/3/3,23.71,24.26,24.33,23.47,365.10M,-2.11%
2022/3/4,22.94,23.38,23.68,22.48,432.01M,-3.25%
2022/3/7,21.35,22.82,23.03,21.33,450.82M,-6.93%
2022/3/8,21.51,21.31,22.37,20.65,557.47M,0.75%
2022/3/9,23.01,22.39,23.22,22.25,492.74M,6.97%
2022/3/10,22.66,22.53,22.79,21.88,428.07M,-1.52%
2022/3/11,22.1,23.02,23.14,22.05,367.21M,-2.47%
2022/3/14,21.33,21.87,22.26,21.16,385.35M,-3.48%
2022/3/15,22.97,21.52,23.04,21.32,492.00M,7.69%
2022/3/16,24.5,23.5,24.6,23.17,671.42M,6.66%
2022/3/17,24.77,24.12,24.84,23.91,471.94M,1.10%
2022/3/18,26.45,24.8,26.57,24.62,730.72M,6.78%
2022/3/21,26.73,26.51,27.15,25.97,591.73M,1.06%
2022/3/22,26.52,26.73,27.24,26.07,547.01M,-0.79%
2022/3/23,25.63,26.13,26.61,25.58,502.12M,-3.36%
2022/3/24,28.15,26.17,28.32,25.91,877.38M,9.83%
2022/3/25,27.69,27.89,28.36,27.27,579.02M,-1.63%
2022/3/28,28.22,27.76,28.25,27.21,425.49M,1.91%
2022/3/29,28.66,28.69,28.95,27.98,488.98M,1.56%
2022/3/30,27.69,28.3,28.5,27.5,463.49M,-3.38%
2022/3/31,27.29,27.78,28.25,27.27,523.44M,-1.44%
2022/4/1,26.71,27.38,27.5,26.27,517.24M,-2.13%
2022/4/4,27.36,26.73,27.56,26.61,397.71M,2.43%
2022/4/5,25.93,27.25,27.32,25.82,436.61M,-5.23%
2022/4/6,24.41,24.93,25.3,24,703.83M,-5.86%
2022/4/7,24.21,24.44,24.72,23.48,557.99M,-0.82%
2022/4/8,23.12,23.92,23.92,23.06,524.78M,-4.50%
2022/4/11,21.92,22.21,22.32,21.66,575.21M,-5.19%
2022/4/12,21.5,22.54,22.73,21.28,662.26M,-1.92%
2022/4/13,22.2,21.73,22.5,21.45,516.94M,3.26%
2022/4/14,21.26,22.5,22.78,21.16,569.10M,-4.23%
2022/4/18,21.78,21.2,22.09,21.08,525.70M,2.45%
2022/4/19,22.2,21.72,22.37,21.31,512.78M,1.93%
2022/4/20,21.48,22.52,22.67,21.2,468.97M,-3.24%
2022/4/21,20.18,21.71,22.39,20,656.21M,-6.05%
2022/4/22,19.52,20.3,20.49,19.5,624.71M,-3.27%
2022/4/25,19.9,19.2,19.95,19.1,641.57M,1.95%
2022/4/26,18.79,19.72,19.79,18.67,653.14M,-5.58%
2022/4/27,18.41,18.6,19.17,18.29,499.46M,-2.02%
2022/4/28,19.78,18.97,20.04,18.49,570.33M,7.44%
2022/4/29,18.55,19.4,20.13,18.52,500.43M,-6.22%
2022/5/2,19.53,18.54,19.57,18.39,572.05M,5.28%
2022/5/3,19.6,19.4,19.82,19.13,475.75M,0.36%
2022/5/4,20.33,19.92,20.4,18.75,648.85M,3.72%
2022/5/5,18.84,19.87,19.93,18.5,626.33M,-7.33%
2022/5/6,18.68,18.74,19.51,17.99,633.30M,-0.85%
2022/5/9,16.95,18.03,18.25,16.83,644.45M,-9.26%
2022/5/10,17.59,17.69,18.2,17.02,761.47M,3.78%
2022/5/11,16.63,17.35,17.75,16.57,670.17M,-5.46%
2022/5/12,16.18,16.22,16.79,15.57,708.73M,-2.71%
2022/5/13,17.71,16.79,17.93,16.59,670.44M,9.46%
2022/5/16,17.26,17.51,17.79,17.11,521.45M,-2.54%
2022/5/17,18.18,18.07,18.37,17.63,585.83M,5.33%
2022/5/18,16.94,17.7,18.12,16.86,545.16M,-6.82%
2022/5/19,17.12,16.94,17.69,16.73,621.31M,1.06%
2022/5/20,16.69,17.33,17.41,15.76,739.11M,-2.51%
2022/5/23,16.9,16.27,16.91,16.18,639.89M,1.26%
2022/5/24,16.15,16.51,16.6,15.78,588.55M,-4.44%
2022/5/25,16.98,16.02,17.11,16,781.13M,5.14%
2022/5/26,17.85,16.04,18.09,16.02,996.57M,5.12%
2022/5/27,18.81,18.19,18.88,18.1,738.38M,5.38%
2022/5/31,18.67,18.98,19.2,18.35,664.10M,-0.74%
2022/6/1,18.32,18.72,19.05,18.12,544.51M,-1.87%
2022/6/2,19.59,18.29,19.62,18.2,648.66M,6.93%
2022/6/3,18.72,19.08,19.33,18.52,598.78M,-4.44%
2022/6/6,18.79,19.14,19.34,18.56,422.41M,0.37%
2022/6/7,18.93,18.47,19,18.19,388.91M,0.75%
2022/6/8,18.65,18.8,19.18,18.54,363.25M,-1.48%
2022/6/9,18.05,18.48,18.93,18.04,395.57M,-3.23%
2022/6/10,16.97,17.6,17.7,16.87,465.65M,-5.95%
2022/6/13,15.65,16,16.31,15.61,604.15M,-7.82%
2022/6/14,15.84,15.73,16.07,15.41,469.68M,1.21%
2022/6/15,16.53,16.09,16.87,15.93,563.94M,4.36%
2022/6/16,15.6,15.86,15.94,15.4,545.75M,-5.60%
2022/6/17,15.88,15.65,15.99,15.33,630.33M,1.79%
2022/6/21,16.57,16.47,17.01,16.41,483.09M,4.32%
2022/6/22,16.36,16.23,16.66,16.18,438.00M,-1.24%
2022/6/23,16.23,16.52,16.58,15.85,463.68M,-0.83%
2022/6/24,17.13,16.5,17.14,16.31,472.15M,5.55%
2022/6/27,16.87,17.31,17.33,16.63,427.97M,-1.50%
2022/6/28,15.98,16.9,17.2,15.94,461.86M,-5.26%
2022/6/29,15.54,15.81,15.82,15.17,482.35M,-2.75%
2022/6/30,15.16,15.36,15.57,14.86,686.07M,-2.46%
2022/7/1,14.52,14.9,15.06,14.39,577.61M,-4.20%
2022/7/5,14.96,14.18,14.97,14.06,652.21M,3.04%
2022/7/6,15.13,15.01,15.32,14.79,529.07M,1.11%
2022/7/7,15.86,15.46,15.94,15.39,492.90M,4.81%
2022/7/8,15.84,15.43,16.04,15.39,467.97M,-0.13%
2022/7/11,15.15,15.53,15.53,15.04,438.39M,-4.33%
2022/7/12,15.08,15.27,15.43,14.88,458.48M,-0.46%
2022/7/13,15.16,14.59,15.38,14.47,521.92M,0.54%
2022/7/14,15.37,15.11,15.47,14.73,456.24M,1.37%
2022/7/15,15.76,15.66,15.78,15.44,385.94M,2.54%
2022/7/18,16.1,16.3,16.9,16,670.52M,2.15%
2022/7/19,16.99,16.49,17.11,16.17,702.37M,5.53%
2022/7/20,17.81,16.95,17.93,16.8,760.54M,4.80%
2022/7/21,18.05,17.89,18.14,17.54,557.05M,1.36%
2022/7/22,17.32,17.89,17.97,17.14,536.67M,-4.05%
2022/7/25,17.02,17.02,17.12,16.65,480.75M,-1.70%
2022/7/26,16.53,16.89,16.92,16.48,397.86M,-2.88%
2022/7/27,17.79,17.03,17.94,16.91,569.78M,7.60%
2022/7/28,17.98,17.98,18.14,17.44,474.65M,1.09%
2022/7/29,18.16,17.81,18.24,17.69,435.46M,1.00%
2022/8/1,18.44,18.18,18.85,17.99,476.47M,1.53%
2022/8/2,18.53,18.12,18.94,18.09,489.53M,0.46%
2022/8/3,18.89,18.18,18.97,18.14,418.15M,1.98%
2022/8/4,19.22,18.85,19.27,18.76,409.65M,1.70%
2022/8/5,18.99,18.81,19.23,18.67,386.07M,-1.18%
2022/8/8,17.79,17.5,18.24,17.24,983.78M,-6.30%
2022/8/9,17.09,17.25,17.45,16.72,668.26M,-3.97%
2022/8/10,18.1,17.7,18.12,17.32,597.42M,5.92%
2022/8/11,17.94,18.13,18.71,17.88,509.33M,-0.86%
2022/8/12,18.71,18.16,18.72,17.95,478.09M,4.27%
2022/8/15,19.03,18.7,19.16,18.61,457.67M,1.73%
2022/8/16,18.88,18.92,19.14,18.5,451.24M,-0.80%
2022/8/17,18.33,18.52,18.69,18.15,446.80M,-2.88%
2022/8/18,18.77,18.3,18.86,18.18,415.45M,2.39%
2022/8/19,17.85,18.41,18.52,17.77,441.59M,-4.92%
2022/8/22,17.03,17.49,17.56,16.97,409.59M,-4.57%
2022/8/23,17.18,16.99,17.47,16.97,369.99M,0.86%
2022/8/24,17.22,17.01,17.41,16.9,522.66M,0.24%
2022/8/25,17.91,16.84,17.95,16.83,770.69M,4.01%
2022/8/26,16.26,17.86,17.92,16.24,769.13M,-9.23%
2022/8/29,15.8,16.02,16.34,15.77,496.13M,-2.82%
2022/8/30,15.47,15.96,16.04,15.18,530.18M,-2.11%
2022/8/31,15.09,15.38,15.54,14.96,573.71M,-2.42%
2022/9/1,13.94,14.21,14.38,13.27,1.18B,-7.67%
2022/9/2,13.65,14.1,14.17,13.59,743.16M,-2.08%
2022/9/6,13.47,13.73,13.78,13.35,535.75M,-1.33%
2022/9/7,13.71,13.56,13.84,13.35,512.66M,1.85%
2022/9/8,13.99,13.46,14.01,13.37,624.87M,2.01%
2022/9/9,14.39,14.16,14.47,14.13,487.13M,2.84%
2022/9/12,14.51,14.37,14.55,14.2,484.16M,0.82%
2022/9/13,13.13,13.8,13.92,13.1,714.96M,-9.47%
2022/9/14,13.13,13.25,13.29,12.91,588.51M,0.00%
2022/9/15,12.93,13.02,13.23,12.79,523.62M,-1.52%
2022/9/16,13.2,12.74,13.21,12.62,670.75M,2.08%
2022/9/19,13.38,13.01,13.46,13.01,569.68M,1.39%
2022/9/20,13.18,13.21,13.48,13.06,524.82M,-1.54%
2022/9/21,13.26,13.21,14.03,13.11,807.68M,0.65%
2022/9/22,12.56,13.07,13.15,12.43,759.16M,-5.28%
2022/9/23,12.52,12.42,12.61,12.26,663.31M,-0.36%
2022/9/26,12.23,12.49,12.66,12.21,547.34M,-2.30%
2022/9/27,12.41,12.51,12.74,12.26,553.85M,1.51%
2022/9/28,12.74,12.41,12.82,12.35,542.41M,2.60%
2022/9/29,12.22,12.45,12.5,11.95,532.76M,-4.05%
2022/9/30,12.14,12.09,12.63,12.07,565.64M,-0.66%
2022/10/3,12.51,12.35,12.68,12.1,547.48M,3.07%
2022/10/4,13.17,12.88,13.22,12.88,584.18M,5.23%
2022/10/5,13.21,12.91,13.32,12.62,507.13M,0.32%
2022/10/6,13.13,13.22,13.66,13.1,644.16M,-0.60%
2022/10/7,12.08,12.51,12.67,12.02,672.48M,-8.03%
2022/10/10,11.67,12.04,12.12,11.41,698.70M,-3.36%
2022/10/11,11.59,11.56,11.85,11.28,667.48M,-0.72%
2022/10/12,11.5,11.58,11.73,11.35,492.59M,-0.74%
2022/10/13,11.96,10.97,12.08,10.81,850.10M,4.00%
2022/10/14,11.23,12.06,12.11,11.2,713.43M,-6.13%
2022/10/17,11.89,11.52,11.95,11.52,580.77M,5.89%
2022/10/18,11.97,12.34,12.49,11.62,659.36M,0.66%
2022/10/19,12.05,11.88,12.35,11.83,523.13M,0.70%
2022/10/20,12.19,12.11,12.77,12.1,652.40M,1.19%
2022/10/21,12.47,12.1,12.5,11.89,609.49M,2.23%
2022/10/24,12.6,12.51,12.71,12.06,517.46M,1.07%
2022/10/25,13.26,12.69,13.3,12.66,505.48M,5.25%
2022/10/26,12.9,12.87,13.39,12.71,535.53M,-2.75%
2022/10/27,13.18,13.63,13.84,13.12,583.11M,2.17%
2022/10/28,13.83,13.1,13.85,13.06,521.04M,4.99%
2022/10/31,13.5,13.78,13.84,13.3,486.34M,-2.44%
2022/11/1,13.54,13.81,13.93,13.52,432.82M,0.34%
2022/11/2,13.22,13.85,14.21,13.21,672.63M,-2.39%
2022/11/3,13.42,13.04,13.78,12.96,500.06M,1.53%
2022/11/4,14.16,13.99,14.23,13.7,612.58M,5.48%
2022/11/7,14.3,14.23,14.41,13.95,410.06M,1.02%
2022/11/8,14.6,14.8,14.89,14.22,595.29M,2.10%
2022/11/9,13.78,14.16,14.21,13.76,454.41M,-5.66%
2022/11/10,15.75,14.8,15.77,14.55,700.82M,14.33%
2022/11/11,16.33,15.81,16.39,15.48,655.49M,3.66%
2022/11/14,16.3,16.22,16.54,15.92,527.85M,-0.20%
2022/11/15,16.67,16.72,17,16.38,545.88M,2.28%
2022/11/16,15.91,16.16,16.36,15.87,649.55M,-4.54%
2022/11/17,15.68,15.72,16.27,15.53,710.89M,-1.46%
2022/11/18,15.41,15.97,16,15.12,492.07M,-1.71%
2022/11/21,15.32,15.15,15.48,15.08,404.74M,-0.60%
2022/11/22,16.04,15.33,16.06,15.12,472.87M,4.71%
2022/11/23,16.52,16.1,16.53,16.05,427.24M,3.00%
2022/11/25,16.27,16.32,16.49,16.17,167.93M,-1.51%
2022/11/28,15.83,16.03,16.36,15.73,304.15M,-2.72%
2022/11/29,15.64,15.83,15.93,15.52,298.38M,-1.19%
2022/11/30,16.92,15.7,16.93,15.6,565.30M,8.21%
2022/12/1,17.14,17,17.26,16.64,470.98M,1.25%
2022/12/2,16.88,16.66,16.93,16.44,371.39M,-1.51%
2022/12/5,16.61,16.68,17,16.47,352.26M,-1.58%
2022/12/6,15.99,16.53,16.57,15.82,352.69M,-3.75%
2022/12/7,16.12,15.77,16.19,15.67,372.39M,0.83%
2022/12/8,17.17,16.27,17.18,15.96,515.46M,6.51%
2022/12/9,17,17.16,17.58,16.98,465.34M,-0.98%
2022/12/12,17.53,17.04,17.54,16.8,457.33M,3.14%
2022/12/13,18.07,18.53,18.79,17.71,656.59M,3.06%
2022/12/14,17.67,17.99,18.25,17.42,496.89M,-2.20%
2022/12/15,16.95,17.15,17.32,16.7,478.54M,-4.09%
2022/12/16,16.57,16.86,17.04,16.41,478.23M,-2.25%
2022/12/19,16.25,16.57,16.61,16.15,354.04M,-1.91%
2022/12/20,16.08,16.06,16.31,15.85,403.26M,-1.04%
2022/12/21,16.5,16.11,16.63,16.1,325.02M,2.59%
2022/12/22,15.34,16.09,16.14,14.88,565.04M,-7.04%
2022/12/23,15.21,15.2,15.34,14.88,349.33M,-0.87%
2022/12/27,14.12,15.07,15.1,14.06,464.90M,-7.14%
2022/12/28,14.04,13.93,14.26,13.88,351.07M,-0.60%
2022/12/29,14.6,14.4,14.68,14.23,354.92M,4.04%
2022/12/30,14.61,14.33,14.63,14.23,310.49M,0.08%
2023/1/3,14.31,14.85,15,14.1,401.28M,-2.05%
2023/1/4,14.75,14.57,14.85,14.24,431.32M,3.03%
2023/1/5,14.27,14.49,14.56,14.15,389.17M,-3.28%
2023/1/6,14.86,14.47,15.01,14.03,405.04M,4.16%
2023/1/9,15.63,15.28,16.06,15.14,504.23M,5.18%
2023/1/10,15.91,15.51,15.96,15.47,384.10M,1.80%
2023/1/11,16,15.84,16.03,15.56,353.28M,0.58%
2023/1/12,16.51,16.1,16.64,15.49,551.41M,3.19%
2023/1/13,16.9,16.28,16.92,16.17,447.29M,2.35%
2023/1/17,17.7,16.9,17.73,16.9,511.10M,4.75%
2023/1/18,17.38,17.67,17.87,17.28,439.62M,-1.84%
2023/1/19,16.76,17.04,17.2,16.73,452.93M,-3.52%
2023/1/20,17.84,17.01,17.86,16.83,564.97M,6.41%
2023/1/23,19.19,18.06,19.25,17.82,655.16M,7.59%
2023/1/24,19.26,18.83,19.5,18.82,496.20M,0.38%
2023/1/25,19.32,18.91,19.37,18.58,449.54M,0.30%
2023/1/26,19.8,19.7,20.17,19.28,489.54M,2.48%
2023/1/27,20.36,19.46,20.63,19.41,542.14M,2.84%
2023/1/30,19.16,19.95,20.14,19.15,488.61M,-5.91%
2023/1/31,19.54,19.17,19.69,18.95,498.02M,1.96%
2023/2/1,20.94,19.69,21.19,19.61,660.48M,7.20%
2023/2/2,21.71,21,21.95,20.7,564.28M,3.66%
2023/2/3,21.1,21,21.74,20.79,429.37M,-2.81%
2023/2/6,21.09,20.81,21.57,20.79,452.20M,-0.05%
2023/2/7,22.17,21.38,22.26,21.15,664.15M,5.14%
2023/2/8,22.2,22.39,22.88,22.01,559.65M,0.14%
2023/2/9,22.34,22.61,23.02,22.12,523.88M,0.59%
2023/2/10,21.26,21.69,22.08,20.81,550.74M,-4.80%
2023/2/13,21.79,21.54,22.05,20.96,474.92M,2.46%
2023/2/14,22.97,21.58,23.05,21.37,675.47M,5.43%
2023/2/15,22.76,22.55,22.85,22.11,421.19M,-0.90%
2023/2/16,22,22.13,22.55,21.93,412.03M,-3.35%
2023/2/17,21.39,21.63,21.74,20.98,465.89M,-2.79%
2023/2/21,20.66,21,21.49,20.62,410.02M,-3.43%
2023/2/22,20.75,20.71,21.1,20.42,513.18M,0.48%
2023/2/23,23.66,23.44,23.89,23.02,1.12B,14.02%
2023/2/24,23.29,23.23,23.47,22.95,589.72M,-1.60%
2023/2/27,23.5,23.67,23.88,23.45,452.99M,0.92%
2023/2/28,23.22,23.37,23.83,23.21,455.96M,-1.21%
2023/3/1,22.7,23.19,23.26,22.51,460.03M,-2.23%
2023/3/2,23.31,22.49,23.38,22.43,390.08M,2.71%
2023/3/3,23.89,23.32,23.9,23.13,412.39M,2.47%
2023/3/6,23.55,23.89,24.25,23.49,437.43M,-1.41%
2023/3/7,23.29,23.6,24.13,23.24,515.15M,-1.13%
2023/3/8,24.18,23.49,24.2,23.42,513.57M,3.83%
2023/3/9,23.44,24.17,24.45,23.38,501.26M,-3.08%
2023/3/10,22.97,23.41,23.63,22.73,474.87M,-2.01%
2023/3/13,22.97,22.75,23.3,22.3,421.89M,0.00%
2023/3/14,24.06,23.5,24.22,23.46,474.91M,4.78%
2023/3/15,24.23,23.76,24.29,23.36,524.49M,0.69%
2023/3/16,25.54,24.03,25.59,23.89,584.95M,5.42%
2023/3/17,25.73,25.98,26.4,25.67,848.55M,0.72%
2023/3/20,25.9,25.61,26.02,25.13,432.75M,0.68%
2023/3/21,26.2,26.18,26.39,25.38,547.41M,1.15%
2023/3/22,26.47,26.42,27.59,26.24,797.29M,1.03%
2023/3/23,27.19,27.12,27.5,26.69,564.89M,2.73%
2023/3/24,26.78,27.03,27.17,26.35,455.41M,-1.52%
2023/3/27,26.53,26.84,27,26.36,361.03M,-0.93%
2023/3/28,26.41,26.45,26.51,25.85,356.10M,-0.46%
2023/3/29,26.98,26.83,27.08,26.6,393.69M,2.17%
2023/3/30,27.38,27.23,27.5,27.1,364.52M,1.48%
2023/3/31,27.78,27.14,27.83,27.1,433.93M,1.44%
2023/4/3,27.97,27.51,28,27.34,398.72M,0.68%
2023/4/4,27.45,27.97,28,27.31,368.59M,-1.83%
2023/4/5,26.88,26.83,27,26.4,515.02M,-2.08%
2023/4/6,27.04,26.58,27.08,26.43,397.65M,0.58%
2023/4/10,27.58,26.82,27.62,26.67,395.28M,2.00%
2023/4/11,27.17,27.72,27.79,27.13,314.38M,-1.49%
2023/4/12,26.5,27.37,27.47,26.45,446.26M,-2.48%
2023/4/13,26.46,26.73,26.89,26.33,353.62M,-0.12%
2023/4/14,26.76,26.5,26.88,26.22,395.66M,1.11%
2023/4/17,27,26.57,27.01,26.43,321.47M,0.91%
2023/4/18,27.67,27.53,28.11,27.36,604.81M,2.46%
2023/4/19,27.93,27.36,28,27.23,358.66M,0.95%
2023/4/20,27.1,27.67,28.03,27,427.71M,-2.96%
2023/4/21,27.12,26.95,27.18,26.72,345.10M,0.06%
2023/4/24,27.04,27.01,27.37,26.67,339.28M,-0.28%
2023/4/25,26.24,27.08,27.25,26.23,378.53M,-2.96%
2023/4/26,26.96,27,27.33,26.71,406.34M,2.72%
2023/4/27,27.23,27.36,27.5,26.63,377.16M,1.00%
2023/4/28,27.75,27.23,27.76,27.07,292.22M,1.92%
2023/5/1,28.91,27.84,29.06,27.78,570.33M,4.18%
2023/5/2,28.21,28.68,28.84,28.08,402.73M,-2.42%
2023/5/3,27.8,27.84,28.37,27.47,383.39M,-1.45%
2023/5/4,27.56,27.65,27.86,27.24,321.85M,-0.86%
2023/5/5,28.68,27.83,28.75,27.73,361.49M,4.06%
2023/5/8,29.15,28.52,29.22,28.35,344.98M,1.64%
2023/5/9,28.57,28.9,28.97,28.45,314.87M,-1.99%
2023/5/10,28.89,29,29.11,28.46,369.35M,1.10%
2023/5/11,28.58,28.9,28.95,28.25,322.15M,-1.06%
2023/5/12,28.34,28.53,28.78,28.05,274.22M,-0.83%
2023/5/15,28.95,28.51,28.97,28.15,293.93M,2.16%
2023/5/16,29.21,28.84,29.87,28.83,449.40M,0.90%
2023/5/17,30.18,29.58,30.2,29.43,432.54M,3.30%
2023/5/18,31.68,30.41,31.83,30.32,748.72M,4.97%
2023/5/19,31.26,31.54,31.58,30.92,473.91M,-1.31%
2023/5/22,31.18,30.9,31.52,30.68,372.00M,-0.28%
2023/5/23,30.69,31,31.29,30.63,356.25M,-1.57%
2023/5/24,30.54,30.21,30.61,29.81,721.42M,-0.49%
2023/5/25,37.98,38.52,39.48,36.63,1.54B,24.37%
2023/5/26,38.95,37.89,39.17,37.55,714.40M,2.54%
2023/5/30,40.11,40.6,41.94,39.95,923.40M,2.99%
2023/5/31,37.83,39.49,40.29,37.82,1.00B,-5.68%
2023/6/1,39.77,38.49,40.05,38.34,635.87M,5.12%
2023/6/2,39.33,40.1,40.5,39.06,482.73M,-1.11%
2023/6/5,39.17,38.91,39.57,38.71,396.09M,-0.40%
2023/6/6,38.65,38.83,39.16,38.15,388.73M,-1.32%
2023/6/7,37.47,38.92,39.5,37.36,512.00M,-3.05%
2023/6/8,38.51,37.72,38.86,37.51,417.77M,2.76%
2023/6/9,38.77,39.04,39.71,38.57,427.72M,0.68%
2023/6/12,39.48,39.2,39.53,38.62,389.67M,1.84%
2023/6/13,41.02,40.19,41.1,39.74,613.21M,3.90%
2023/6/14,43,40.82,43,40.55,740.47M,4.81%
2023/6/15,42.65,42.6,43.29,42.15,568.62M,-0.80%
2023/6/16,42.69,43.45,43.72,42.66,655.71M,0.09%
2023/6/20,43.81,43,43.99,42.67,451.15M,2.61%
2023/6/21,43.04,43.5,43.62,42.08,551.60M,-1.74%
2023/6/22,43.03,42.25,43.43,42.23,417.74M,-0.05%
2023/6/23,42.21,42.46,42.81,42.01,358.14M,-1.90%
2023/6/26,40.63,42.46,42.76,40.1,594.32M,-3.74%
2023/6/27,41.88,40.8,41.94,40.45,462.18M,3.06%
2023/6/28,41.12,40.66,41.85,40.52,582.64M,-1.81%
2023/6/29,40.82,41.56,41.6,40.6,380.51M,-0.72%
2023/6/30,42.3,41.68,42.55,41.5,501.15M,3.63%
2023/7/3,42.41,42.52,42.9,42.2,198.21M,0.26%
2023/7/5,42.32,42.13,43.18,42.08,323.62M,-0.23%
2023/7/6,42.1,41.84,42.18,41.35,304.14M,-0.51%
2023/7/7,42.5,42.32,43.21,42.18,355.88M,0.95%
2023/7/10,42.18,42.66,42.81,41.65,353.91M,-0.76%
2023/7/11,42.4,42.48,42.76,42.07,298.24M,0.53%
2023/7/12,43.9,43.03,43.94,42.78,481.28M,3.53%
2023/7/13,45.98,44.52,46.15,44.49,478.20M,4.73%
2023/7/14,45.47,46.58,48.09,45.06,772.08M,-1.10%
2023/7/17,46.46,46.29,46.5,45.26,510.49M,2.18%
2023/7/18,47.49,46.7,47.9,45.73,570.19M,2.22%
2023/7/19,47.08,47.46,47.82,46.74,427.50M,-0.88%
2023/7/20,45.52,46.51,47.09,45.06,537.87M,-3.31%
2023/7/21,44.31,45.79,45.87,44.1,963.77M,-2.66%
2023/7/24,44.61,44.73,45.11,44.04,383.10M,0.68%
2023/7/25,45.68,44.94,46.18,44.92,348.08M,2.39%
2023/7/26,45.45,46.02,46.05,44.63,364.24M,-0.50%
2023/7/27,45.9,46.52,47.4,45.75,455.98M,0.99%
2023/7/28,46.75,46.67,47.03,46.38,331.19M,1.85%
2023/7/31,46.73,46.75,47.13,46.51,251.06M,-0.04%
2023/8/1,46.51,46.46,46.9,46.03,239.28M,-0.48%
2023/8/2,44.27,45.83,45.84,43.39,530.14M,-4.81%
2023/8/3,44.51,43.8,45.12,43.8,325.08M,0.56%
2023/8/4,44.68,44.99,45.64,44.39,362.67M,0.37%
2023/8/7,45.42,45.11,45.54,44.56,322.15M,1.65%
2023/8/8,44.66,44.85,45.24,44.06,353.84M,-1.66%
2023/8/9,42.55,44.27,44.31,42.13,586.45M,-4.72%
2023/8/10,42.39,42.16,43.57,41.83,492.70M,-0.39%
2023/8/11,40.85,41.75,42.02,40.64,533.08M,-3.62%
2023/8/14,43.75,40.49,43.8,40.31,690.29M,7.09%
2023/8/15,43.94,44.56,45.27,43.71,676.51M,0.43%
2023/8/16,43.49,44.52,44.67,43.41,527.45M,-1.03%
2023/8/17,43.34,43.97,44.06,43,452.40M,-0.33%
2023/8/18,43.3,42.63,43.58,41.66,583.77M,-0.10%
2023/8/21,46.97,44.49,47.06,44.22,692.57M,8.47%
2023/8/22,45.67,48.13,48.19,45.33,757.21M,-2.77%
2023/8/23,47.12,45.87,47.2,45.21,779.05M,3.17%
2023/8/24,47.16,50.22,50.27,47.16,1.16B,0.10%
2023/8/25,46.02,47.01,47.81,45.02,925.34M,-2.43%
2023/8/28,46.83,46.48,46.98,44.89,685.19M,1.78%
2023/8/29,48.78,46.67,49.08,46.39,701.40M,4.16%
2023/8/30,49.26,49.04,49.93,48.42,735.21M,0.98%
2023/8/31,49.35,49.38,49.74,48.96,528.57M,0.18%
2023/9/1,48.51,49.76,49.8,48.14,463.83M,-1.71%
2023/9/5,48.55,48.22,48.85,47.86,382.65M,0.08%
2023/9/6,47.06,48.44,48.55,46.58,468.67M,-3.06%
2023/9/7,46.24,45.53,46.34,45.15,433.33M,-1.74%
2023/9/8,45.57,45.94,46.61,45.27,473.90M,-1.45%
2023/9/11,45.18,46.15,46.16,44.31,473.97M,-0.86%
2023/9/12,44.87,44.74,45.67,44.53,349.26M,-0.68%
2023/9/13,45.49,44.6,45.93,44.5,398.36M,1.37%
2023/9/14,45.58,45.95,45.99,45.13,370.10M,0.21%
2023/9/15,43.9,45.34,45.6,43.81,506.83M,-3.69%
2023/9/18,43.97,42.75,44.24,42,500.27M,0.15%
2023/9/19,43.52,43.83,43.97,43,373.06M,-1.01%
2023/9/20,42.24,43.6,43.9,42.22,367.11M,-2.94%
2023/9/21,41.02,41.58,42.1,40.98,450.74M,-2.89%
2023/9/22,41.61,41.57,42.12,41.23,479.24M,1.45%
2023/9/25,42.22,41.59,42.54,41.18,419.09M,1.47%
2023/9/26,41.91,42,42.82,41.65,402.28M,-0.74%
2023/9/27,42.47,42.33,42.87,41.63,444.94M,1.33%
2023/9/28,43.09,42.46,43.45,42.12,424.66M,1.46%
2023/9/29,43.5,43.83,44.14,43.31,397.83M,0.95%
2023/10/2,44.78,44.03,45.17,43.86,433.30M,2.95%
2023/10/3,43.52,44.81,45.13,43.25,470.85M,-2.82%
2023/10/4,44.04,43.74,44.14,43.29,361.82M,1.20%
2023/10/5,44.69,44.05,44.9,43.89,393.48M,1.47%
2023/10/6,45.76,44.19,45.79,44.03,434.44M,2.40%
2023/10/9,45.27,44.84,45.6,44.37,409.68M,-1.07%
2023/10/10,45.8,45.31,46.26,45.09,368.58M,1.16%
2023/10/11,46.81,46.2,46.86,46.05,378.14M,2.20%
2023/10/12,46.94,46.78,47.61,46.33,481.32M,0.30%
2023/10/13,45.46,46.96,47.12,45.28,475.43M,-3.16%
2023/10/16,46.1,45.06,46.22,44.91,375.10M,1.39%
2023/10/17,43.94,44,44.75,42.48,812.33M,-4.68%
2023/10/18,42.2,42.59,43.22,41.83,627.29M,-3.96%
2023/10/19,42.1,42.81,43.3,41.88,501.23M,-0.23%
2023/10/20,41.39,41.89,42.47,41.08,477.27M,-1.70%
2023/10/23,42.97,41.23,43.25,40.94,478.53M,3.84%
2023/10/24,43.66,43.08,43.7,42.69,401.46M,1.60%
2023/10/25,41.78,43.4,43.65,41.56,398.38M,-4.31%
2023/10/26,40.33,41.85,42.26,39.88,541.00M,-3.48%
2023/10/27,40.5,41.13,41.21,40.01,416.78M,0.43%
2023/10/30,41.16,41.09,41.77,40.48,388.03M,1.63%
2023/10/31,40.78,40.45,40.88,39.23,517.97M,-0.93%
2023/11/1,42.33,40.88,42.38,40.87,437.59M,3.79%
2023/11/2,43.51,43.33,43.88,42.89,409.17M,2.79%
2023/11/3,45.01,44.02,45.31,43.72,424.61M,3.45%
2023/11/6,45.75,45.28,45.94,44.9,400.73M,1.66%
2023/11/7,45.96,45.72,46.22,45.16,343.16M,0.45%
2023/11/8,46.57,46.1,46.87,45.97,346.72M,1.35%
2023/11/9,46.95,47.47,48.23,46.75,540.50M,0.81%
2023/11/10,48.33,47.5,48.47,47.28,422.44M,2.95%
2023/11/13,48.62,48.32,49.12,48.1,384.14M,0.59%
2023/11/14,49.66,49.68,49.83,49.04,416.95M,2.13%
2023/11/15,48.89,49.94,49.96,48.2,475.50M,-1.55%
2023/11/16,49.48,48.68,49.52,48.33,339.76M,1.21%
2023/11/17,49.3,49.52,49.72,49.01,325.90M,-0.37%
2023/11/20,50.41,49.31,50.55,49.18,416.14M,2.25%
2023/11/21,49.94,50.13,50.52,49.22,565.75M,-0.92%
2023/11/22,48.72,49.85,50.33,47.69,900.64M,-2.46%
2023/11/24,47.78,48.47,48.92,47.74,294.64M,-1.93%
2023/11/27,48.24,47.8,48.53,47.65,395.66M,0.98%
2023/11/28,47.82,48.24,48.32,47.47,401.49M,-0.87%
2023/11/29,48.14,48.38,48.76,47.86,382.00M,0.67%
2023/11/30,46.77,48.02,48.11,46.42,526.25M,-2.85%
2023/12/1,46.76,46.53,47.2,46.19,369.32M,-0.01%
2023/12/4,45.51,46.08,46.08,45.01,437.54M,-2.68%
2023/12/5,46.57,45.47,46.6,45.27,371.72M,2.32%
2023/12/6,45.5,47.21,47.39,45.41,380.59M,-2.28%
2023/12/7,46.6,45.7,46.63,45.6,350.82M,2.40%
2023/12/8,47.51,46.6,47.74,46.55,359.22M,1.95%
2023/12/11,46.63,47.49,47.53,45.83,509.73M,-1.85%
2023/12/12,47.66,46.05,47.67,46.05,372.39M,2.21%
2023/12/13,48.09,47.63,48.59,47.61,447.79M,0.90%
2023/12/14,48.35,48.39,48.67,47.42,391.23M,0.54%
2023/12/15,48.89,48.19,49.4,48.12,479.95M,1.12%
2023/12/18,50.08,49.4,50.43,49.15,412.59M,2.43%
2023/12/19,49.6,49.42,49.7,48.9,464.44M,-0.94%
2023/12/20,48.11,49.65,50,48.1,397.89M,-3.01%
2023/12/21,48.99,48.81,49.1,48.42,300.42M,1.83%
2023/12/22,48.83,49.19,49.38,48.47,252.51M,-0.33%
2023/12/26,49.28,48.97,49.6,48.96,244.20M,0.92%
2023/12/27,49.42,49.51,49.68,49.08,233.65M,0.28%
2023/12/28,49.52,49.64,49.88,49.41,246.59M,0.21%
2023/12/29,49.52,49.81,50,48.75,389.29M,0.00%
2024/1/2,48.17,49.24,49.29,47.6,411.25M,-2.73%
2024/1/3,47.57,47.49,48.18,47.32,320.90M,-1.24%
2024/1/4,48,47.77,48.5,47.51,306.54M,0.90%
2024/1/5,49.1,48.46,49.55,48.31,415.04M,2.29%
2024/1/8,52.25,49.51,52.28,49.48,642.51M,6.43%
2024/1/9,53.14,52.4,54.33,51.69,773.10M,1.70%
2024/1/10,54.35,53.62,54.6,53.49,533.80M,2.28%
2024/1/11,54.82,55,55.35,53.56,596.76M,0.87%
2024/1/12,54.71,54.62,54.97,54.33,352.99M,-0.20%
2024/1/16,56.38,55.02,56.83,54.9,449.58M,3.06%
2024/1/17,56.05,56.35,56.47,54.74,474.39M,-0.58%
2024/1/18,57.11,57.26,57.6,56.11,491.65M,1.88%
2024/1/19,59.49,57.99,59.5,57.22,543.50M,4.17%
2024/1/22,59.65,60.05,60.33,59.07,452.96M,0.27%
2024/1/23,59.87,59.57,59.91,58.58,294.65M,0.37%
2024/1/24,61.36,60.3,62.85,59.94,560.27M,2.49%
2024/1/25,61.62,62.35,62.72,60.85,482.78M,0.42%
2024/1/26,61.03,60.96,61.78,60.57,390.31M,-0.95%
2024/1/29,62.47,61.23,62.49,60.91,348.73M,2.35%
2024/1/30,62.77,62.9,63.49,62.26,410.74M,0.49%
2024/1/31,61.53,61.44,62.27,60.7,453.80M,-1.99%
2024/2/1,63.03,62.1,63.19,61.65,369.15M,2.44%
2024/2/2,66.16,63.97,66.6,63.69,476.58M,4.97%
2024/2/5,69.33,68.22,69.5,67.21,680.08M,4.79%
2024/2/6,68.22,69.63,69.75,66.3,683.11M,-1.60%
2024/2/7,70.1,68.32,70.22,67.6,495.58M,2.75%
2024/2/8,69.64,70.07,70.79,69.46,414.42M,-0.65%
2024/2/9,72.13,70.53,72.18,70.21,436.64M,3.58%
2024/2/12,72.25,72.6,74.61,71.25,613.71M,0.16%
2024/2/13,72.13,70.4,73.45,69.62,602.58M,-0.17%
2024/2/14,73.9,73.2,74.24,71.94,504.92M,2.46%
2024/2/15,72.66,73.87,73.97,72.4,420.12M,-1.68%
2024/2/16,72.61,74.1,74.4,72.5,495.33M,-0.06%
2024/2/20,69.45,71.95,71.96,67.73,704.83M,-4.35%
2024/2/21,67.47,68.01,68.89,66.25,690.30M,-2.85%
2024/2/22,78.54,75.03,78.57,74.22,865.10M,16.40%
2024/2/23,78.82,80.79,82.39,77.57,829.39M,0.36%
2024/2/26,79.09,79.7,80.65,78.5,503.97M,0.35%
2024/2/27,78.7,79.38,79.48,77.16,391.70M,-0.49%
2024/2/28,77.66,77.62,78.93,77.13,393.11M,-1.32%
2024/2/29,79.11,79.09,79.99,78.35,507.29M,1.87%
2024/3/1,82.28,80,82.3,79.44,479.14M,4.00%
2024/3/4,85.24,84.13,87.69,83.72,615.62M,3.60%
2024/3/5,85.96,85.27,86.1,83.42,520.64M,0.85%
2024/3/6,88.7,88.02,89.72,87.03,582.52M,3.18%
2024/3/7,92.67,90.16,92.77,89.6,608.12M,4.47%
2024/3/8,87.53,95.14,97.4,86.51,1.14B,-5.55%
2024/3/11,85.77,86.43,88.8,84.17,678.36M,-2.00%
2024/3/12,91.91,88.05,91.96,86.15,668.08M,7.16%
2024/3/13,90.89,91.06,91.5,88.43,635.71M,-1.12%
2024/3/14,87.94,89.58,90.65,86.6,602.32M,-3.24%
2024/3/15,87.84,86.93,89.55,86.26,642.09M,-0.12%
2024/3/18,88.46,90.39,92.4,87.08,668.98M,0.70%
2024/3/19,89.4,86.7,90.54,85.01,672.17M,1.07%
2024/3/20,90.37,89.8,90.41,88.22,479.06M,1.09%
2024/3/21,91.43,92.3,92.65,90.4,480.37M,1.18%
2024/3/22,94.29,91.14,94.78,90.83,586.72M,3.12%
2024/3/25,95,93.94,96.77,93.51,552.14M,0.76%
2024/3/26,92.56,95.85,96.38,92.5,513.65M,-2.57%
2024/3/27,90.25,93.11,93.24,89.12,586.07M,-2.50%
2024/3/28,90.36,90,91.3,89.19,435.21M,0.12%
2024/4/1,90.36,90.3,92.22,89.2,452.44M,0.01%
2024/4/2,89.45,88.45,90.09,87.62,433.06M,-1.01%
2024/4/3,88.96,88.48,90.37,88.4,370.07M,-0.55%
2024/4/4,85.9,90.41,90.63,85.88,434.96M,-3.44%
2024/4/5,88.01,86.87,88.48,85.93,399.68M,2.45%
2024/4/8,87.13,88.7,88.83,86.73,283.22M,-0.99%
2024/4/9,85.35,87.44,87.64,83.02,503.55M,-2.04%
2024/4/10,87.04,83.93,87.4,83.71,431.93M,1.97%
2024/4/11,90.62,87.42,90.74,86.93,431.64M,4.11%
2024/4/12,88.19,89.7,90.17,87.53,426.80M,-2.68%
2024/4/15,86,89.1,90.61,85.93,443.08M,-2.48%
2024/4/16,87.42,86.43,88.12,86.06,370.45M,1.64%
2024/4/17,84.04,88.34,88.78,83.95,495.40M,-3.87%
2024/4/18,84.67,84.97,86.19,82.4,447.26M,0.76%
2024/4/19,76.2,83.15,84.32,75.61,875.20M,-10.00%
2024/4/22,79.52,78.1,80.07,76.4,596.34M,4.35%
2024/4/23,82.42,80.77,82.77,80.26,438.56M,3.65%
2024/4/24,79.68,83.95,84.08,79.18,512.21M,-3.33%
2024/4/25,82.63,78.87,83.32,78.22,424.64M,3.71%
2024/4/26,87.74,83.82,88.33,83.39,551.01M,6.18%
2024/4/29,87.76,87.6,87.99,85.27,388.97M,0.03%
2024/4/30,86.4,87.24,88.82,86.3,363.71M,-1.54%
2024/5/1,83.04,85.08,86,81.25,559.86M,-3.89%
2024/5/2,85.82,84.45,86.24,83.2,377.90M,3.34%
2024/5/3,88.79,87.79,89.28,87.04,398.34M,3.46%
2024/5/6,92.14,89.39,92.22,89.06,376.20M,3.77%
2024/5/7,90.55,91.1,91.78,89.01,437.34M,-1.72%
2024/5/8,90.41,89.48,91.19,89.42,325.72M,-0.16%
2024/5/9,88.75,90.53,91.07,88.23,378.01M,-1.84%
2024/5/10,89.88,90.3,91.4,89.23,335.32M,1.27%
2024/5/13,90.4,90.48,91,88.53,289.68M,0.58%
2024/5/14,91.36,89.6,91.65,88.93,296.51M,1.06%
2024/5/15,94.63,92.47,94.86,91.6,417.74M,3.58%
2024/5/16,94.36,94.91,95.82,94.1,323.95M,-0.29%
2024/5/17,92.48,94.37,94.74,91.81,359.69M,-1.99%
2024/5/20,94.78,93.75,95.2,93.44,318.76M,2.49%
2024/5/21,95.39,93.6,95.4,93.18,328.95M,0.64%
2024/5/22,94.95,95.46,96.02,93.25,548.65M,-0.46%
2024/5/23,103.8,102.03,106.32,101.52,835.07M,9.32%
2024/5/24,106.47,104.45,106.47,103,429.49M,2.57%
2024/5/28,113.9,110.24,114.94,109.88,652.73M,6.98%
2024/5/29,114.82,113.05,115.49,110.9,557.44M,0.81%
2024/5/30,110.5,114.65,115.82,109.66,487.35M,-3.77%
2024/5/31,109.63,112.52,112.72,106.94,613.26M,-0.78%
2024/6/3,115,113.62,115,112,438.39M,4.90%
2024/6/4,116.44,115.72,116.6,114.04,403.32M,1.25%
2024/6/5,122.44,118.37,122.45,117.47,528.40M,5.16%
2024/6/6,121,124.05,125.59,118.32,664.70M,-1.18%
2024/6/7,120.89,119.77,121.69,118.02,412.39M,-0.09%
2024/6/10,121.79,120.37,123.1,117.01,314.16M,0.75%
2024/6/11,120.91,121.77,122.87,118.74,222.55M,-0.72%
2024/6/12,125.2,123.06,126.88,122.57,299.60M,3.55%
2024/6/13,129.61,129.39,129.8,127.16,260.70M,3.52%
2024/6/14,131.88,129.96,132.84,128.32,309.32M,1.75%
2024/6/17,130.98,132.99,133.73,129.58,288.50M,-0.68%
2024/6/18,135.58,131.14,136.33,130.69,294.34M,3.51%
2024/6/20,130.78,139.8,140.76,129.52,517.77M,-3.54%
2024/6/21,126.57,127.12,130.63,124.3,655.48M,-3.22%
2024/6/24,118.11,123.24,124.46,118.04,476.06M,-6.68%
2024/6/25,126.09,121.2,126.5,119.32,425.79M,6.76%
2024/6/26,126.4,126.13,128.12,122.6,362.98M,0.25%
2024/6/27,123.99,124.1,126.41,122.92,252.57M,-1.91%
2024/6/28,123.54,124.58,127.71,122.75,315.52M,-0.36%
2024/7/1,124.3,123.47,124.84,118.83,284.89M,0.62%
2024/7/2,122.67,121.13,123.41,121.03,218.37M,-1.31%
2024/7/3,128.28,121.66,128.28,121.36,215.75M,4.57%
2024/7/5,125.83,127.38,128.85,125.68,214.18M,-1.91%
2024/7/8,128.2,127.49,130.77,127.04,237.68M,1.88%
2024/7/9,131.38,130.35,133.82,128.65,287.02M,2.48%
2024/7/10,134.91,134.03,135.1,132.42,248.98M,2.69%
2024/7/11,127.4,135.75,136.15,127.05,374.78M,-5.57%
2024/7/12,129.24,128.26,131.92,127.22,252.68M,1.44%
2024/7/15,128.44,130.56,131.39,127.18,208.33M,-0.62%
2024/7/16,126.36,128.44,129.04,124.58,214.77M,-1.62%
2024/7/17,117.99,121.35,121.85,116.72,390.09M,-6.62%
2024/7/18,121.09,121.85,122.4,116.56,320.98M,2.63%
2024/7/19,117.93,120.35,121.6,117.37,217.22M,-2.61%
2024/7/22,123.54,120.35,124.07,119.86,258.07M,4.76%
2024/7/23,122.59,122.78,124.69,122.1,173.91M,-0.77%
2024/7/24,114.25,119.17,119.95,113.44,327.78M,-6.80%
2024/7/25,112.28,113.04,116.63,106.3,460.07M,-1.72%
2024/7/26,113.06,116.19,116.2,111.58,293.40M,0.69%
2024/7/29,111.59,113.69,116.28,111.3,248.15M,-1.30%
2024/7/30,103.73,111.52,111.99,102.54,486.83M,-7.04%
2024/7/31,117.02,112.9,118.34,110.88,473.17M,12.81%
2024/8/1,109.21,117.53,120.16,106.81,523.46M,-6.67%
2024/8/2,107.27,103.76,108.72,101.37,482.03M,-1.78%
2024/8/5,100.45,92.06,103.41,90.69,552.84M,-6.36%
2024/8/6,104.25,103.84,107.71,100.55,409.01M,3.78%
2024/8/7,98.91,107.81,108.8,98.69,411.44M,-5.12%
2024/8/8,104.97,102,105.5,97.52,391.91M,6.13%
2024/8/9,104.75,105.64,106.6,103.43,290.84M,-0.21%
2024/8/12,109.02,106.32,111.07,106.26,325.56M,4.08%
2024/8/13,116.14,112.44,116.23,111.58,312.65M,6.53%
2024/8/14,118.08,118.53,118.6,114.07,339.25M,1.67%
2024/8/15,122.86,118.76,123.24,117.47,318.09M,4.05%
2024/8/16,124.58,121.94,125,121.18,302.59M,1.40%
2024/8/19,130,124.28,130,123.42,318.33M,4.35%
2024/8/20,127.25,128.4,129.88,125.89,300.09M,-2.12%
2024/8/21,128.5,127.32,129.35,126.66,257.88M,0.98%
2024/8/22,123.74,130.02,130.75,123.1,376.19M,-3.70%
2024/8/23,129.37,125.86,129.6,125.22,323.23M,4.55%
2024/8/26,126.46,129.57,131.26,124.37,331.96M,-2.25%
2024/8/27,128.3,125.05,129.2,123.88,303.14M,1.46%
2024/8/28,125.61,128.12,128.33,122.64,448.10M,-2.10%
2024/8/29,117.59,121.36,124.43,116.71,453.02M,-6.38%
2024/8/30,119.37,119.53,121.75,117.22,333.75M,1.51%
2024/9/3,108,116.01,116.21,107.29,477.16M,-9.53%
2024/9/4,106.21,105.41,113.27,104.12,372.47M,-1.66%
2024/9/5,107.21,104.99,109.65,104.76,306.85M,0.94%
2024/9/6,102.83,108.04,108.15,100.95,413.64M,-4.09%
2024/9/9,106.47,104.88,106.55,103.69,273.91M,3.54%
2024/9/10,108.1,107.81,109.4,104.95,268.28M,1.53%
2024/9/11,116.91,109.39,117.19,107.42,441.42M,8.15%
2024/9/12,119.14,116.84,120.79,115.38,367.10M,1.91%
2024/9/13,119.1,119.08,119.96,117.6,238.36M,-0.03%
2024/9/16,116.78,116.79,118.18,114.36,248.77M,-1.95%
2024/9/17,115.59,118.17,118.8,114.83,231.93M,-1.02%
2024/9/18,113.37,115.89,117.7,113.22,310.32M,-1.92%
2024/9/19,117.87,117.35,119.66,117.25,293.51M,3.97%
2024/9/20,116,117.06,118.62,115.39,382.46M,-1.59%
2024/9/23,116.26,116.55,116.99,114.86,206.23M,0.22%
2024/9/24,120.87,116.51,121.8,115.38,354.97M,3.97%
2024/9/25,123.51,122.02,124.94,121.61,284.69M,2.18%
2024/9/26,124.04,126.8,127.67,121.8,302.58M,0.43%
2024/9/27,121.4,123.97,124.03,119.26,271.01M,-2.13%
2024/9/30,121.44,118.31,121.5,118.15,227.05M,0.03%
2024/10/1,117,121.76,122.44,115.79,302.09M,-3.66%
2024/10/2,118.85,116.44,119.38,115.14,221.85M,1.58%
2024/10/3,122.85,120.92,124.36,120.34,277.12M,3.37%
2024/10/4,124.92,124.94,125.04,121.83,244.47M,1.68%
2024/10/7,127.72,124.99,130.64,124.95,346.25M,2.24%
2024/10/8,132.89,130.26,133.48,129.42,285.72M,4.05%
2024/10/9,132.65,134.11,134.52,131.38,246.19M,-0.18%
2024/10/10,134.81,131.91,135,131,242.31M,1.63%
2024/10/11,134.8,134.01,135.78,133.66,170.21M,-0.01%
2024/10/14,138.07,136.47,139.6,136.3,232.35M,2.43%
2024/10/15,131.6,137.87,138.57,128.74,377.83M,-4.69%
2024/10/16,135.72,133.98,136.62,131.58,264.88M,3.13%
2024/10/17,136.93,139.34,140.89,136.87,306.44M,0.89%
2024/10/18,138,138.66,138.9,137.28,176.09M,0.78%
2024/10/21,143.71,138.13,143.71,138,264.56M,4.14%
2024/10/22,143.59,142.91,144.42,141.78,226.31M,-0.08%
2024/10/23,139.56,142.03,142.43,137.46,285.93M,-2.81%
2024/10/24,140.41,140.82,141.35,138.46,172.36M,0.61%
2024/10/25,141.54,140.93,144.13,140.8,205.12M,0.80%
2024/10/28,140.52,143,143.14,140.05,173.59M,-0.72%
2024/10/29,141.25,140.29,142.26,138.9,157.59M,0.52%
2024/10/30,139.34,139.54,140.33,136.81,179.42M,-1.36%
2024/10/31,132.76,137.6,137.61,132.11,270.04M,-4.72%
2024/11/1,135.4,134.7,137.31,134.57,207.13M,1.99%
2024/11/4,136.05,137.21,138.96,135.57,187.53M,0.48%
2024/11/5,139.91,137.45,140.37,137.33,160.54M,2.84%
2024/11/6,145.61,142.96,146.49,141.96,242.04M,4.07%
2024/11/7,148.88,146.39,148.93,146.17,207.32M,2.25%
2024/11/8,147.63,148.77,149.77,146.26,175.67M,-0.84%
2024/11/11,145.26,148.68,148.85,143.57,182.33M,-1.61%
2024/11/12,148.29,146.78,149.65,146.01,198.64M,2.09%
2024/11/13,146.27,149.07,149.33,145.9,191.90M,-1.36%
2024/11/14,146.76,147.64,149,145.55,194.46M,0.33%
2024/11/15,141.98,144.87,145.24,140.08,250.13M,-3.26%
2024/11/18,140.15,139.5,141.55,137.15,221.87M,-1.29%
2024/11/19,147.01,141.32,147.13,140.99,227.84M,4.89%
2024/11/20,145.89,147.41,147.56,142.73,309.87M,-0.76%
2024/11/21,146.67,149.35,152.89,140.7,400.95M,0.53%
2024/11/22,141.95,145.93,147.16,141.1,236.41M,-3.22%
2024/11/25,136.02,141.99,142.05,135.82,344.94M,-4.18%
2024/11/26,136.92,137.7,139.3,135.67,190.29M,0.66%
2024/11/27,135.34,135.01,137.22,131.8,226.37M,-1.15%
2024/11/29,138.25,136.78,139.35,136.05,141.86M,2.15%
2024/12/2,138.63,138.83,140.45,137.82,171.68M,0.27%
2024/12/3,140.26,138.26,140.54,137.95,164.41M,1.18%
2024/12/4,145.14,141.99,145.79,140.29,231.22M,3.48%
2024/12/5,145.06,145.11,146.54,143.95,172.62M,-0.06%
2024/12/6,142.44,144.6,145.7,141.31,188.51M,-1.81%
2024/12/9,138.81,138.97,139.95,137.13,189.31M,-2.55%
2024/12/10,135.07,139.01,141.82,133.79,210.02M,-2.69%
2024/12/11,139.31,137.36,140.17,135.21,184.90M,3.14%
2024/12/12,137.34,137.08,138.44,135.8,159.21M,-1.41%
2024/12/13,134.25,138.94,139.6,132.54,231.52M,-2.25%
2024/12/16,132,134.18,134.4,130.42,237.95M,-1.68%
2024/12/17,130.39,129.09,131.59,126.86,259.41M,-1.22%
2024/12/18,128.91,133.86,136.7,128.28,277.44M,-1.14%
2024/12/19,130.68,131.76,134.03,129.55,209.72M,1.37%
2024/12/20,134.7,129.81,135.28,128.22,306.53M,3.08%
2024/12/23,139.67,136.28,139.79,135.12,176.05M,3.69%
2024/12/24,140.22,140,141.9,138.65,105.16M,0.39%
2024/12/26,139.93,139.7,140.85,137.73,116.52M,-0.21%
2024/12/27,137.01,138.55,139.02,134.71,170.58M,-2.09%
2024/12/30,137.49,134.83,140.27,134.02,167.74M,0.35%
2024/12/31,134.29,138.03,138.07,133.83,155.66M,-2.33%
2025/1/2,138.31,136,138.88,134.63,198.25M,2.99%
2025/1/3,144.47,140.01,144.9,139.73,229.32M,4.45%
2025/1/6,149.43,148.59,152.16,147.82,265.38M,3.43%
2025/1/7,140.14,153.03,153.13,140.01,351.78M,-6.22%
2025/1/8,140.11,142.58,143.95,137.56,227.35M,-0.02%
2025/1/10,135.91,137.45,139.92,134.22,207.60M,-3.00%
2025/1/13,133.23,129.99,133.49,129.51,204.81M,-1.97%
2025/1/14,131.76,136.05,136.38,130.05,195.59M,-1.10%
2025/1/15,136.24,133.65,136.45,131.29,185.22M,3.40%
2025/1/16,133.57,138.64,138.75,133.49,209.24M,-1.96%
2025/1/17,137.71,136.69,138.5,135.46,201.19M,3.10%
2025/1/21,140.83,139.16,141.83,137.09,197.75M,2.27%
2025/1/22,147.07,144.66,147.79,143.67,237.65M,4.43%
2025/1/23,147.22,145.05,147.23,143.72,155.92M,0.10%
2025/1/24,142.62,148.37,148.97,141.88,234.66M,-3.12%
2025/1/27,118.42,124.8,128.4,116.7,818.83M,-16.97%
2025/1/28,128.99,121.81,129,116.25,579.67M,8.93%
2025/1/29,123.7,126.5,126.89,120.05,467.12M,-4.10%
2025/1/30,124.65,123.1,125,118.1,392.93M,0.77%
2025/1/31,120.07,123.78,127.85,119.19,390.37M,-3.67%
2025/2/3,116.66,114.75,118.57,113.01,371.24M,-2.84%
2025/2/4,118.65,116.96,121.2,116.7,256.55M,1.71%
2025/2/5,124.83,121.76,125,120.76,263.11M,5.21%
2025/2/6,128.68,127.42,128.77,125.21,251.48M,3.08%
2025/2/7,129.84,129.22,130.37,125,228.19M,0.90%
2025/2/10,133.57,130.09,135,129.96,216.99M,2.87%
2025/2/11,132.8,132.58,134.48,131.02,178.90M,-0.58%
2025/2/12,131.14,130.02,132.24,129.08,160.28M,-1.25%
2025/2/13,135.29,131.55,136.5,131.17,197.43M,3.16%
2025/2/14,138.85,136.48,139.25,135.5,195.48M,2.63%
2025/2/18,139.4,141.27,143.44,137.93,219.18M,0.40%
2025/2/19,139.23,139.51,141.36,137.22,167.54M,-0.12%
2025/2/20,140.11,140.03,140.66,136.79,143.90M,0.63%
2025/2/21,134.43,140.04,141.46,134.03,228.22M,-4.05%
2025/2/24,130.28,136.56,138.59,130.08,251.38M,-3.09%
2025/2/25,126.63,129.98,130.2,124.44,271.43M,-2.80%
2025/2/26,131.28,129.99,133.73,128.49,322.55M,3.67%
2025/2/27,120.15,135,135.01,120.01,443.18M,-8.48%
2025/2/28,124.92,118.02,125.09,116.4,389.09M,3.97%
2025/3/3,114.06,123.51,123.7,112.28,411.38M,-8.69%
2025/3/4,115.99,110.64,119.31,110.11,398.16M,1.69%
2025/3/5,117.3,117.58,118.28,114.51,284.34M,1.13%
2025/3/6,110.57,113.53,115.35,110.22,321.18M,-5.74%
2025/3/7,112.69,111.25,113.48,107.56,341.76M,1.92%
2025/3/10,106.98,109.9,111.85,105.46,366.49M,-5.07%
2025/3/11,108.76,106.99,112.24,104.77,354.87M,1.66%
2025/3/12,115.74,114.12,116.76,112.88,323.86M,6.42%
2025/3/13,115.58,117.03,117.76,113.79,299.03M,-0.14%
2025/3/14,121.67,118.61,121.88,118.15,277.59M,5.27%
2025/3/17,119.53,122.74,122.89,118.03,255.50M,-1.76%
2025/3/18,115.43,118,119.02,114.54,299.69M,-3.43%
2025/3/19,117.52,117.27,120.44,115.68,273.43M,1.81%
2025/3/20,118.53,116.55,120.2,116.47,248.83M,0.86%
2025/3/21,117.7,116.94,117.99,115.42,266.50M,-0.70%
2025/3/24,121.41,119.88,122.22,119.34,228.45M,3.15%
2025/3/25,120.69,120.54,121.29,118.92,167.45M,-0.59%
2025/3/26,113.76,118.73,118.84,112.71,296.43M,-5.74%
2025/3/27,111.43,111.35,114.45,110.66,236.90M,-2.05%
2025/3/28,109.67,111.49,112.87,109.07,229.87M,-1.58%
2025/3/31,108.38,105.13,110.96,103.65,299.21M,-1.18%
2025/4/1,110.15,108.51,110.2,106.47,222.61M,1.63%
2025/4/2,110.42,107.29,111.98,106.79,220.60M,0.25%
2025/4/3,101.8,103.51,105.63,101.6,338.77M,-7.81%
2025/4/4,94.31,98.91,100.13,92.11,532.27M,-7.36%
2025/4/7,97.64,87.46,101.75,86.62,611.04M,3.53%
2025/4/8,96.3,103.81,105.85,94.46,476.24M,-1.37%
2025/4/9,114.33,98.89,115.1,97.53,612.92M,18.72%
2025/4/10,107.57,109.37,110.86,99.15,437.81M,-5.91%
2025/4/11,110.93,108.5,111.55,107.48,313.42M,3.12%
2025/4/14,110.71,114.11,114.29,109.07,264.71M,-0.20%
2025/4/15,112.2,110.97,113.61,110.5,228.97M,1.35%
2025/4/16,104.49,104.55,106.79,100.45,397.02M,-6.87%
2025/4/17,101.49,104.45,104.47,100.05,292.52M,-2.87%
2025/4/21,96.91,98.77,99.44,95.04,288.50M,-4.51%
2025/4/22,98.89,98.78,99.81,97.28,241.00M,2.04%
2025/4/23,102.71,104.52,104.8,102.02,247.53M,3.86%
2025/4/24,106.43,103.47,106.54,103.11,220.82M,3.62%
2025/4/25,111.01,106.85,111.92,105.73,251.06M,4.30%
2025/4/28,108.73,109.69,110.37,106.02,207.71M,-2.05%
2025/4/29,109.02,107.67,110.2,107.44,170.44M,0.27%
2025/4/30,108.92,104.47,108.92,104.08,235.04M,-0.09%
2025/5/1,111.61,113.08,114.94,111.3,236.12M,2.47%
2025/5/2,114.5,114.18,115.4,113.37,190.19M,2.59%
2025/5/5,113.82,112.9,114.67,112.66,133.16M,-0.59%
2025/5/6,113.54,111.48,114.74,110.82,158.53M,-0.25%
2025/5/7,117.06,113.04,117.68,112.28,207.83M,3.10%
2025/5/8,117.37,118.25,118.68,115.85,198.43M,0.26%
2025/5/9,116.65,117.35,118.23,115.21,132.97M,-0.61%
2025/5/12,123,121.97,123,120.28,225.02M,5.44%
2025/5/13,129.93,124.98,131.22,124.47,330.43M,5.63%
2025/5/14,135.34,133.2,135.43,131.68,281.18M,4.16%
2025/5/15,134.83,134.29,136.3,132.66,226.63M,-0.38%
2025/5/16,135.4,136.22,136.35,133.46,226.54M,0.42%
2025/5/19,135.57,132.39,135.87,132.39,193.15M,0.13%
2025/5/20,134.38,134.29,134.58,132.62,161.51M,-0.88%
2025/5/21,131.8,133.06,137.4,130.59,270.61M,-1.92%
2025/5/22,132.83,132.23,134.25,131.55,187.34M,0.78%
2025/5/23,131.29,130,132.68,129.16,198.82M,-1.16%
2025/5/27,135.5,134.15,135.66,133.31,192.95M,3.21%
2025/5/28,134.81,136.02,137.25,134.79,304.02M,-0.51%
2025/5/29,139.19,142.24,143.49,137.91,370.62M,3.25%
2025/5/30,135.13,138.71,139.62,132.92,333.17M,-2.92%
