Date,Open,Close,High,Low
2020-03-06,198.2,199.51,212.77,189.89
2020-03-09,195.1,194.66,225.55,192.04
2020-03-10,198.34,198.14,212.12,189.24
2020-03-11,206.94,204.11,209.65,186.77
2020-03-12,194.1,198.98,209.82,185.26
2020-03-13,196.12,202.51,208.32,185.44
2020-03-16,187.68,199.01,215.33,185.38
2020-03-17,206.09,203.7,224.38,189.64
2020-03-18,194.67,197.44,218.92,189.5
2020-03-19,204.14,198.96,213.35,190.48
2020-03-20,198.38,197.87,213.13,182.4
2020-03-23,193.73,208.08,213.63,189.96
2020-03-24,202.31,201.29,220.4,193.92
2020-03-25,208.52,214.74,218.37,195.49
2020-03-26,197.91,206.49,220.22,186.67
2020-03-27,200.15,209.24,221.72,194.16
2020-03-30,211.35,206.82,218.97,195.0
2020-03-31,209.03,203.2,218.5,194.99
2020-04-01,200.21,200.83,215.77,192.89
2020-04-02,198.13,210.4,217.85,190.2
2020-04-03,202.29,195.28,212.82,189.94
2020-04-06,199.11,202.71,211.61,188.73
2020-04-07,199.86,198.32,210.96,187.5
2020-04-08,203.85,193.65,211.41,179.32
2020-04-09,202.2,197.17,213.34,190.47
2020-04-10,201.27,196.2,213.89,188.35
2020-04-13,202.35,197.32,213.41,185.94
2020-04-14,203.13,205.12,222.86,191.93
2020-04-15,209.25,210.02,218.34,194.42
2020-04-16,201.17,207.07,214.16,189.82
2020-04-17,205.31,212.02,220.63,191.69
2020-04-20,198.39,211.44,213.78,190.9
2020-04-21,198.79,193.73,215.55,187.7
2020-04-22,199.85,187.03,207.6,171.07
2020-04-23,189.08,197.24,206.99,178.21
2020-04-24,198.98,196.63,215.16,186.92
2020-04-27,202.65,201.91,216.48,188.75
2020-04-28,213.92,203.24,215.68,187.24
2020-04-29,202.46,204.8,214.76,191.88
2020-04-30,206.16,205.28,214.21,191.33
2020-05-01,192.68,202.54,214.98,190.55
2020-05-04,204.67,204.74,216.46,180.94
2020-05-05,198.87,200.02,214.27,191.39
2020-05-06,202.9,188.16,212.32,187.04
2020-05-07,214.36,202.16,216.12,188.1
2020-05-08,188.3,203.76,211.29,187.18
2020-05-11,204.83,214.06,216.73,190.09
2020-05-12,210.31,208.13,215.2,192.32
2020-05-13,205.3,200.96,211.69,188.81
2020-05-14,200.14,201.44,215.4,190.43
2020-05-15,199.42,198.33,214.07,188.1
2020-05-18,199.91,202.41,212.36,189.48
2020-05-19,205.84,202.63,219.18,187.99
2020-05-20,190.24,198.41,211.06,181.84
2020-05-21,193.95,204.89,209.7,186.68
2020-05-22,195.05,208.05,214.5,188.32
2020-05-25,198.11,199.52,216.16,182.73
2020-05-26,199.46,187.14,211.19,183.31
2020-05-27,196.03,188.41,204.45,181.57
2020-05-28,183.24,191.72,205.79,169.5
2020-05-29,190.52,186.99,207.39,181.18
2020-06-01,182.0,179.89,201.2,178.32
2020-06-02,182.99,190.08,212.55,176.34
2020-06-03,185.35,189.63,199.92,175.37
2020-06-04,185.23,192.93,204.93,179.21
2020-06-05,184.42,194.02,203.15,178.17
2020-06-08,187.28,185.22,201.52,178.64
2020-06-09,186.04,193.09,202.28,179.4
2020-06-10,189.14,188.32,203.27,177.72
2020-06-11,190.31,184.1,208.44,170.42
2020-06-12,187.57,191.59,207.27,180.66
2020-06-15,201.24,194.75,206.69,183.81
2020-06-16,202.47,196.15,216.87,188.34
2020-06-17,205.67,199.72,216.36,188.2
2020-06-18,197.01,203.76,210.99,188.11
2020-06-19,199.02,206.83,211.42,184.53
2020-06-22,189.49,202.84,214.67,180.68
2020-06-23,198.38,197.0,209.43,186.55
2020-06-24,205.88,197.96,210.51,184.44
2020-06-25,202.63,201.7,217.64,185.76
2020-06-26,191.4,188.89,214.97,185.16
2020-06-29,191.41,200.15,223.66,187.04
2020-06-30,204.2,198.6,210.18,184.48
2020-07-01,196.65,202.35,210.96,186.23
2020-07-02,188.87,198.33,210.53,185.8
2020-07-03,189.85,198.29,213.5,184.35
2020-07-06,189.93,192.09,209.61,182.88
2020-07-07,204.51,192.32,208.38,181.7
2020-07-08,201.27,204.72,209.13,181.69
2020-07-09,195.75,194.32,211.24,177.62
2020-07-10,197.87,194.18,212.6,178.0
2020-07-13,199.18,202.42,213.67,188.54
2020-07-14,198.35,197.85,216.08,178.72
2020-07-15,200.27,203.3,212.86,183.15
2020-07-16,207.91,194.96,214.3,184.16
2020-07-17,201.7,194.92,210.74,187.87
2020-07-20,202.07,206.86,209.81,186.73
2020-07-21,196.04,189.89,216.26,187.6
2020-07-22,198.76,204.05,210.08,187.2
2020-07-23,201.17,205.21,211.29,188.41
2020-07-24,200.2,198.03,210.44,187.57
2020-07-27,208.99,196.58,213.37,183.38
2020-07-28,200.98,196.74,212.96,188.81
2020-07-29,196.76,205.1,213.66,189.76
2020-07-30,210.79,193.67,212.55,189.02
2020-07-31,200.01,197.37,213.93,189.14
2020-08-03,203.42,187.98,219.14,183.8
2020-08-04,196.77,195.45,210.54,187.67
2020-08-05,202.59,200.68,209.79,186.91
2020-08-06,196.43,195.28,220.43,185.18
2020-08-07,204.84,203.5,212.29,186.98
2020-08-10,200.98,203.84,211.22,188.35
2020-08-11,193.6,196.11,211.23,187.07
2020-08-12,203.23,203.01,216.87,188.42
2020-08-13,203.11,205.59,213.02,181.02
2020-08-14,197.69,191.33,209.76,186.89
2020-08-17,199.27,196.38,210.29,182.4
2020-08-18,199.67,181.97,216.4,180.85
2020-08-19,199.1,201.54,210.04,181.5
2020-08-20,203.43,200.29,212.21,189.33
2020-08-21,195.04,197.81,210.79,187.91
2020-08-24,197.45,204.67,210.76,187.88
2020-08-25,206.24,204.95,211.53,188.65
2020-08-26,192.32,203.83,214.9,187.82
2020-08-27,198.09,201.4,217.55,191.48
2020-08-28,193.19,205.4,219.2,191.11
2020-08-31,200.55,204.36,218.45,193.67
2020-09-01,208.35,203.75,218.46,195.58
2020-09-02,209.39,201.33,222.54,190.15
2020-09-03,205.79,208.09,217.37,194.49
2020-09-04,206.18,205.27,217.94,192.96
2020-09-07,208.95,213.3,220.21,197.33
2020-09-08,211.44,207.13,218.45,194.56
2020-09-09,198.68,201.83,224.29,194.3
2020-09-10,204.95,206.6,223.89,190.48
2020-09-11,212.89,199.37,218.65,192.43
2020-09-14,203.7,202.94,221.68,194.75
2020-09-15,202.03,204.33,215.66,187.24
2020-09-16,211.26,207.02,216.31,192.68
2020-09-17,206.11,199.02,223.08,191.66
2020-09-18,203.37,203.25,224.06,188.63
2020-09-21,207.55,202.37,218.61,193.72
2020-09-22,212.64,214.38,219.76,189.15
2020-09-23,212.22,201.16,222.91,197.04
2020-09-24,204.18,209.83,224.43,190.72
2020-09-25,205.82,211.78,220.15,196.03
2020-09-28,207.63,202.69,225.66,195.04
2020-09-29,192.51,206.36,221.9,191.4
2020-09-30,208.91,204.35,217.9,195.02
2020-10-01,200.73,199.68,216.54,193.66
2020-10-02,207.18,210.0,217.94,187.53
2020-10-05,208.98,219.71,222.47,194.35
2020-10-06,210.56,219.43,221.19,187.82
2020-10-07,203.28,202.07,216.35,193.47
2020-10-08,202.09,197.45,217.61,193.4
2020-10-09,205.51,206.3,218.3,191.54
2020-10-12,191.14,207.77,218.51,190.02
2020-10-13,210.68,207.16,224.91,195.48
2020-10-14,203.96,206.58,218.01,195.13
2020-10-15,211.45,207.26,229.22,191.4
2020-10-16,215.71,204.16,221.68,193.41
2020-10-19,208.6,208.44,227.27,192.25
2020-10-20,202.77,203.21,224.66,192.52
2020-10-21,199.13,197.84,218.02,192.77
2020-10-22,203.57,204.9,214.69,191.81
2020-10-23,191.98,197.75,213.8,190.86
2020-10-26,204.89,204.19,218.48,195.24
2020-10-27,216.93,216.3,221.77,198.89
2020-10-28,213.6,214.06,228.29,205.41
2020-10-29,208.25,212.94,234.59,204.84
2020-10-30,212.24,212.13,228.5,205.63
2020-11-02,219.18,216.41,227.4,203.07
2020-11-03,210.31,208.76,225.41,201.97
2020-11-04,206.84,211.99,226.21,198.82
2020-11-05,201.98,217.77,222.26,195.62
2020-11-06,205.19,212.06,221.53,196.06
2020-11-09,208.29,210.61,221.24,198.36
2020-11-10,214.15,209.26,225.53,200.34
2020-11-11,215.74,212.93,234.2,200.72
2020-11-12,217.79,217.71,232.7,203.41
2020-11-13,219.1,213.75,230.19,199.46
2020-11-16,218.68,219.52,227.83,190.41
2020-11-17,210.3,214.91,225.69,202.82
2020-11-18,213.07,217.26,225.73,200.99
2020-11-19,218.01,199.72,220.33,191.2
2020-11-20,211.17,199.82,218.7,195.6
2020-11-23,199.64,199.75,219.31,194.6
2020-11-24,198.87,209.09,229.45,195.94
2020-11-25,210.89,208.88,221.63,191.42
2020-11-26,204.97,210.36,220.14,190.7
2020-11-27,207.57,219.51,221.27,195.89
2020-11-30,206.63,201.85,217.17,193.77
2020-12-01,217.97,203.29,226.4,195.19
2020-12-02,206.44,200.58,218.86,193.75
2020-12-03,201.13,215.83,221.37,198.33
2020-12-04,205.14,208.03,221.22,198.07
2020-12-07,193.23,210.18,216.89,192.11
2020-12-08,200.01,199.71,219.91,193.35
2020-12-09,198.19,202.32,227.18,194.37
2020-12-10,207.94,199.36,221.56,194.9
2020-12-11,212.9,207.79,220.85,189.22
2020-12-14,204.16,205.76,221.61,196.18
2020-12-15,222.28,208.54,230.48,200.7
2020-12-16,220.11,225.54,228.16,194.47
2020-12-17,214.1,211.88,224.77,199.98
2020-12-18,209.89,219.0,229.4,197.38
2020-12-21,213.79,215.22,223.78,197.69
2020-12-22,202.19,210.25,219.33,196.45
2020-12-23,204.7,199.24,218.48,195.61
2020-12-24,204.26,201.68,219.99,190.79
2020-12-25,199.45,198.89,212.99,186.19
2020-12-28,203.21,203.79,213.54,187.0
2020-12-29,206.85,201.44,213.18,188.69
2020-12-30,206.06,198.39,213.73,189.21
2020-12-31,204.81,215.09,219.58,193.99
2021-01-01,212.32,207.25,215.2,192.32
2021-01-04,201.65,202.6,214.37,190.2
2021-01-05,192.05,195.76,213.2,187.59
2021-01-06,201.49,198.26,212.61,189.73
2021-01-07,210.93,203.66,218.44,193.49
2021-01-08,204.34,201.45,221.33,195.31
2021-01-11,210.57,209.83,218.17,193.46
2021-01-12,212.03,214.25,221.12,197.33
2021-01-13,211.95,211.9,222.4,196.27
2021-01-14,214.09,213.37,222.5,199.35
2021-01-15,208.51,205.94,227.19,196.6
2021-01-18,216.8,203.14,223.32,199.34
2021-01-19,209.69,209.72,219.56,190.5
2021-01-20,206.13,208.76,218.59,195.71
2021-01-21,221.75,211.21,223.51,196.77
2021-01-22,210.93,206.76,225.25,200.23
2021-01-25,220.86,214.34,222.89,198.27
2021-01-26,215.21,210.45,225.22,196.53
2021-01-27,203.48,209.51,228.96,198.24
2021-01-28,208.96,203.1,227.93,197.43
2021-01-29,205.4,209.82,221.95,196.12
2021-02-01,207.19,206.42,223.51,186.35
2021-02-02,214.41,213.69,222.59,199.71
2021-02-03,214.81,211.36,226.07,203.19
2021-02-04,212.13,214.17,223.74,198.32
2021-02-05,215.29,208.39,228.69,196.69
2021-02-08,210.94,215.61,221.07,191.01
2021-02-09,216.68,209.93,222.03,199.16
2021-02-10,208.69,215.3,222.21,194.18
2021-02-11,218.41,219.32,223.2,200.32
2021-02-12,205.9,214.58,225.41,200.52
2021-02-15,214.2,202.7,222.52,199.64
2021-02-16,214.85,210.51,222.42,198.38
2021-02-17,208.98,224.08,231.73,195.66
2021-02-18,223.29,220.7,226.47,196.86
2021-02-19,204.31,210.96,222.39,199.51
2021-02-22,208.51,217.12,226.31,197.07
2021-02-23,214.65,214.33,227.02,200.12
2021-02-24,209.14,216.46,225.38,201.31
2021-02-25,199.54,215.34,223.17,194.55
2021-02-26,201.85,204.72,225.94,196.88
2021-03-01,214.14,204.56,226.04,194.59
2021-03-02,211.39,211.35,217.82,194.85
2021-03-03,213.87,198.48,219.6,194.42
2021-03-04,210.84,209.1,223.03,194.46
2021-03-05,210.27,207.15,219.25,196.37
2021-03-08,194.27,201.82,218.46,193.15
2021-03-09,200.43,206.01,217.89,190.26
2021-03-10,201.39,202.64,217.87,194.99
2021-03-11,207.76,198.38,217.28,188.14
2021-03-12,207.11,201.68,219.25,196.38
2021-03-15,213.24,201.4,220.82,195.91
2021-03-16,208.77,212.18,228.95,194.14
2021-03-17,204.98,214.16,221.96,198.18
2021-03-18,203.61,218.6,223.99,201.11
2021-03-19,214.86,210.68,222.6,197.99
2021-03-22,208.64,206.33,228.37,196.21
2021-03-23,212.06,206.39,219.95,197.07
2021-03-24,196.61,200.77,218.64,189.16
2021-03-25,218.85,214.95,222.51,191.57
2021-03-26,212.6,209.17,224.48,198.7
2021-03-29,207.59,220.25,222.01,193.64
2021-03-30,212.4,207.55,223.42,196.53
2021-03-31,214.21,213.44,224.38,199.05
2021-04-01,219.29,208.39,224.87,201.99
2021-04-02,210.07,207.29,232.5,199.82
2021-04-05,206.24,218.25,224.78,197.37
2021-04-06,214.0,213.39,225.39,200.21
2021-04-07,207.39,209.93,222.74,199.86
2021-04-08,214.25,212.21,228.11,194.94
2021-04-09,209.57,216.57,224.11,194.73
2021-04-12,217.8,214.92,234.34,194.69
2021-04-13,221.8,213.47,227.17,203.26
2021-04-14,218.43,209.28,228.22,200.47
2021-04-15,216.95,215.62,229.77,206.9
2021-04-16,224.6,216.69,233.88,201.65
2021-04-19,219.42,219.89,229.98,199.51
2021-04-20,223.57,224.53,238.01,209.91
2021-04-21,236.75,227.84,238.51,208.5
2021-04-22,225.44,230.58,235.86,212.98
2021-04-23,235.68,224.47,237.44,205.96
2021-04-26,223.23,230.44,236.02,210.5
2021-04-27,226.88,226.2,235.27,212.39
2021-04-28,215.79,219.08,236.84,202.78
2021-04-29,219.66,215.33,232.5,195.86
2021-04-30,217.97,222.62,240.72,207.79
2021-05-03,218.59,217.09,229.49,200.48
2021-05-04,218.25,215.03,227.56,204.69
2021-05-05,217.6,210.22,227.67,192.37
2021-05-06,213.52,214.11,227.19,193.72
2021-05-07,218.52,217.47,233.04,203.3
2021-05-10,208.68,221.45,223.25,200.37
2021-05-11,220.5,214.52,228.47,201.07
2021-05-12,223.53,205.01,227.24,203.9
2021-05-13,217.49,217.44,228.48,193.07
2021-05-14,219.27,206.45,225.56,202.68
2021-05-17,216.68,208.38,223.88,201.0
2021-05-18,219.45,224.78,226.54,197.93
2021-05-19,213.08,206.1,223.25,200.37
2021-05-20,211.98,218.24,227.25,200.05
2021-05-21,215.05,223.92,233.21,202.65
2021-05-24,216.14,221.74,233.14,202.79
2021-05-25,220.55,222.65,230.93,208.05
2021-05-26,222.06,213.75,236.91,207.85
2021-05-27,217.64,217.42,232.7,207.74
2021-05-28,216.7,223.38,236.08,209.28
2021-05-31,224.14,223.21,236.2,208.97
2021-06-01,227.04,219.22,235.96,213.08
2021-06-02,218.42,215.81,234.7,211.83
2021-06-03,220.3,220.34,232.81,208.66
2021-06-04,221.11,231.95,233.71,208.85
2021-06-07,224.07,219.55,231.61,207.83
2021-06-08,222.8,228.85,230.61,206.67
2021-06-09,217.89,211.34,231.93,203.41
2021-06-10,216.84,213.4,226.87,203.66
2021-06-11,212.12,207.86,223.08,196.69
2021-06-14,207.82,209.05,224.51,201.63
2021-06-15,211.82,215.94,227.39,194.91
2021-06-16,208.74,210.23,230.63,202.84
2021-06-17,214.31,211.9,227.97,201.34
2021-06-18,219.28,196.72,221.04,195.61
2021-06-21,221.43,207.37,223.75,195.41
2021-06-22,209.18,212.65,226.08,203.2
2021-06-23,218.49,215.65,239.27,203.97
2021-06-24,215.89,217.32,225.65,202.77
2021-06-25,219.01,215.07,227.63,196.94
2021-06-28,218.68,219.22,224.98,201.2
2021-06-29,214.75,219.68,229.57,206.41
2021-06-30,215.24,215.53,230.37,202.42
2021-07-01,215.41,217.66,232.09,209.22
2021-07-02,226.58,231.95,233.71,208.12
2021-07-05,221.56,216.34,231.27,208.16
2021-07-06,226.99,230.0,231.76,208.51
2021-07-07,220.33,218.61,232.29,209.42
2021-07-08,221.74,216.21,235.81,207.58
2021-07-09,228.11,223.42,237.5,214.62
2021-07-12,230.37,220.14,239.19,214.36
2021-07-13,231.88,233.62,242.61,216.81
2021-07-14,220.83,226.35,241.25,213.31
2021-07-15,231.34,225.34,236.86,209.25
2021-07-16,223.11,228.38,237.24,210.14
2021-07-19,221.85,221.32,233.31,210.43
2021-07-20,214.67,215.07,230.09,207.21
2021-07-21,218.96,221.54,230.46,207.58
2021-07-22,223.34,224.19,232.57,209.69
2021-07-23,221.3,221.67,234.27,207.63
2021-07-26,228.83,227.16,234.76,211.88
2021-07-27,222.84,222.1,238.08,213.86
2021-07-28,229.37,222.24,237.96,215.08
2021-07-29,227.83,226.52,236.76,204.77
2021-07-30,231.39,221.34,243.17,217.11
2021-08-02,218.74,229.92,246.46,217.63
2021-08-03,234.27,232.22,241.82,218.94
2021-08-04,226.36,234.65,241.47,212.51
2021-08-05,223.21,219.14,246.4,213.25
2021-08-06,226.15,224.85,237.42,214.54
2021-08-09,223.32,227.64,242.23,216.59
2021-08-10,231.41,221.64,240.65,211.41
2021-08-11,228.4,217.48,237.58,213.09
2021-08-12,228.72,234.69,239.24,216.36
2021-08-13,229.89,233.65,241.35,211.16
2021-08-16,227.61,228.65,244.93,221.62
2021-08-17,238.01,235.24,248.51,223.27
2021-08-18,234.45,243.67,255.62,224.8
2021-08-19,236.83,235.25,249.78,217.5
2021-08-20,236.6,236.65,246.3,223.42
2021-08-23,238.1,238.0,249.09,226.21
2021-08-24,231.27,226.94,245.49,221.85
2021-08-25,241.23,225.05,244.01,219.35
2021-08-26,226.19,229.34,241.84,217.38
2021-08-27,237.72,234.52,252.0,211.16
2021-08-30,239.69,232.35,243.84,220.96
2021-08-31,238.46,227.21,246.16,221.12
2021-09-01,229.54,228.97,243.63,217.06
2021-09-02,226.95,235.87,238.55,215.67
2021-09-03,228.12,227.77,241.68,216.84
2021-09-06,226.04,228.15,241.31,216.34
2021-09-07,230.21,225.86,244.26,221.38
2021-09-08,241.4,224.68,250.91,221.36
2021-09-09,226.22,237.73,244.81,216.67
2021-09-10,228.64,233.3,245.3,219.2
2021-09-13,225.3,223.26,240.49,208.69
2021-09-14,226.52,225.97,243.48,217.1
2021-09-15,227.25,227.68,244.02,212.69
2021-09-16,229.68,224.61,241.33,211.09
2021-09-17,233.83,219.27,241.09,210.49
2021-09-20,232.76,219.97,239.4,215.49
2021-09-21,213.34,216.04,235.99,210.97
2021-09-22,233.8,234.58,237.31,210.0
2021-09-23,232.21,230.88,244.66,214.56
2021-09-24,224.91,225.77,234.67,209.33
2021-09-27,228.32,224.4,239.22,213.49
2021-09-28,217.5,229.18,233.53,210.65
2021-09-29,219.45,223.16,233.95,207.54
2021-09-30,216.25,226.09,241.75,211.82
2021-10-01,226.06,227.98,235.96,213.07
2021-10-04,234.34,231.95,237.95,213.72
2021-10-05,235.79,230.61,237.94,214.34
2021-10-06,222.9,222.58,241.23,213.62
2021-10-07,223.87,224.03,235.71,212.73
2021-10-08,226.68,221.21,237.72,205.61
2021-10-11,222.63,213.66,233.07,210.2
2021-10-12,226.19,224.18,233.86,204.32
2021-10-13,225.48,231.35,238.7,207.05
2021-10-14,230.84,211.1,232.6,203.94
2021-10-15,220.41,221.02,230.37,207.49
2021-10-18,210.85,212.69,232.55,207.03
2021-10-19,229.04,219.51,235.54,209.44
2021-10-20,219.12,216.65,234.3,205.94
2021-10-21,218.81,221.02,238.23,209.96
2021-10-22,224.24,226.43,238.08,215.2
2021-10-25,225.11,231.71,239.7,213.68
2021-10-26,232.03,229.97,238.44,213.61
2021-10-27,228.93,224.71,237.93,211.15
2021-10-28,235.28,222.53,241.75,216.92
2021-10-29,233.14,223.26,245.09,210.69
2021-11-01,239.12,226.89,249.26,222.55
2021-11-02,228.53,231.38,252.73,220.35
2021-11-03,234.4,229.57,242.08,216.96
2021-11-04,228.64,229.36,242.15,219.27
2021-11-05,227.5,226.77,241.21,216.47
2021-11-08,235.06,220.24,240.88,214.95
2021-11-09,225.63,223.93,238.68,210.21
2021-11-10,216.57,226.07,238.47,215.45
2021-11-11,233.26,224.18,239.69,214.78
2021-11-12,218.41,222.78,236.38,212.86
2021-11-15,232.19,229.67,238.91,205.63
2021-11-16,231.83,237.03,243.18,219.09
2021-11-17,229.02,232.09,245.42,217.47
2021-11-18,231.64,231.55,240.57,217.7
2021-11-19,230.72,230.27,239.65,215.9
2021-11-22,224.88,232.02,239.51,215.38
2021-11-23,222.34,235.48,242.13,216.17
2021-11-24,236.44,241.97,247.66,223.61
2021-11-25,228.69,233.18,250.16,224.9
2021-11-26,234.19,230.52,244.87,216.08
2021-11-29,237.54,240.17,244.75,221.87
2021-11-30,244.09,236.02,249.34,225.83
2021-12-01,232.2,235.84,247.37,217.91
2021-12-02,245.77,231.5,250.65,225.29
2021-12-03,236.8,231.56,251.9,223.46
2021-12-06,234.41,236.51,251.78,228.84
2021-12-07,240.17,233.7,254.51,222.17
2021-12-08,237.39,241.36,249.57,225.23
2021-12-09,239.19,239.91,251.02,225.84
2021-12-10,228.58,242.2,250.46,216.5
2021-12-13,231.33,239.73,258.6,226.98
2021-12-14,246.93,236.74,252.18,216.65
2021-12-15,241.96,241.28,257.39,232.07
2021-12-16,238.58,250.29,257.28,231.67
2021-12-17,251.31,244.64,255.98,230.2
2021-12-20,252.89,233.3,262.55,232.18
2021-12-21,238.15,243.64,257.32,228.55
2021-12-22,248.51,245.05,253.57,227.06
2021-12-23,241.31,239.99,251.29,223.98
2021-12-24,248.6,237.47,252.25,227.64
2021-12-27,248.45,243.27,256.52,232.43
2021-12-28,244.05,256.68,262.18,227.47
2021-12-29,236.43,239.58,264.23,232.9
2021-12-30,243.67,234.88,254.81,231.93
2021-12-31,249.03,241.29,255.74,229.59
2022-01-03,240.78,252.46,257.07,233.92
2022-01-04,248.48,245.02,263.68,226.96
2022-01-05,246.1,250.27,259.03,226.65
2022-01-06,246.18,256.08,257.84,232.79
2022-01-07,245.65,242.5,267.14,234.68
2022-01-10,244.65,243.86,261.56,236.23
2022-01-11,242.61,250.01,261.78,238.9
2022-01-12,262.15,248.11,263.91,240.17
2022-01-13,260.87,253.46,267.86,241.06
2022-01-14,250.72,246.82,266.25,236.81
2022-01-17,241.19,250.42,267.39,240.07
2022-01-18,252.22,254.3,269.52,235.25
2022-01-19,246.01,250.61,271.29,233.74
2022-01-20,265.22,250.31,266.98,241.74
2022-01-21,243.78,251.5,264.36,240.15
2022-01-24,255.69,252.14,264.2,234.68
2022-01-25,253.67,255.41,264.3,241.42
2022-01-26,242.34,254.21,263.63,240.75
2022-01-27,253.6,256.26,264.72,238.03
2022-01-28,257.16,252.71,277.08,241.99
2022-01-31,255.13,263.17,265.19,242.32
2022-02-01,242.24,251.62,274.35,240.34
2022-02-02,258.57,257.46,266.77,243.89
2022-02-03,255.76,257.1,266.52,243.64
2022-02-04,252.44,251.14,268.06,234.77
2022-02-07,260.3,264.47,269.3,246.42
2022-02-08,255.08,268.72,270.48,244.53
2022-02-09,249.6,248.6,271.46,245.87
2022-02-10,248.23,250.65,266.03,237.97
2022-02-11,245.9,253.05,264.02,241.14
2022-02-14,256.34,254.91,272.01,239.87
2022-02-15,254.16,259.16,267.4,244.53
2022-02-16,257.53,258.31,269.27,241.43
2022-02-17,258.16,265.34,269.84,242.3
2022-02-18,253.54,260.17,266.89,244.02
2022-02-21,248.21,256.1,269.48,246.6
2022-02-22,254.49,263.54,268.57,245.61
2022-02-23,252.4,254.24,268.08,245.2
2022-02-24,252.26,255.43,269.68,245.97
2022-02-25,265.99,251.67,273.02,240.84
2022-02-28,260.79,252.18,273.55,245.33
2022-03-01,259.33,270.05,273.0,246.46
2022-03-02,263.55,252.9,268.28,245.34
2022-03-03,256.51,269.82,274.56,246.3
2022-03-04,254.72,251.74,269.94,247.07
2022-03-07,260.2,257.61,271.52,248.28
2022-03-08,253.87,250.84,269.26,246.38
2022-03-09,254.56,259.13,270.54,247.66
2022-03-10,269.09,258.15,270.85,246.92
2022-03-11,247.61,255.46,265.23,242.35
2022-03-14,255.88,251.99,265.68,242.8
2022-03-15,248.43,260.64,265.86,242.32
2022-03-16,258.73,255.38,271.52,241.2
2022-03-17,256.65,254.43,269.86,241.65
2022-03-18,257.24,258.95,266.75,242.5
2022-03-21,246.39,254.11,267.23,239.6
2022-03-22,250.63,246.89,267.54,236.42
2022-03-23,254.63,247.8,273.68,241.11
2022-03-24,251.12,253.98,266.59,238.16
2022-03-25,250.58,243.41,266.01,240.87
2022-03-28,256.88,253.79,268.63,240.33
2022-03-29,257.61,262.1,270.61,247.73
2022-03-30,258.32,260.23,273.57,249.88
2022-03-31,247.48,256.42,268.93,244.82
2022-04-01,257.84,255.65,272.47,243.0
2022-04-04,256.79,257.7,270.04,247.08
2022-04-05,258.19,263.48,270.45,247.57
2022-04-06,266.67,253.16,276.49,239.13
2022-04-07,257.06,262.67,283.1,250.32
2022-04-08,263.28,267.9,276.45,253.57
2022-04-11,262.09,263.25,279.16,239.76
2022-04-12,252.11,260.3,276.93,248.92
2022-04-13,254.78,264.97,275.98,248.38
2022-04-14,263.29,258.25,274.85,251.97
2022-04-15,267.35,257.2,279.1,249.33
2022-04-18,257.09,253.73,269.67,246.79
2022-04-19,249.7,256.42,271.54,242.33
2022-04-20,250.01,246.6,268.58,235.32
2022-04-21,259.76,249.11,269.52,241.13
2022-04-22,255.31,254.4,270.36,242.98
2022-04-25,249.88,256.14,269.83,243.51
2022-04-26,250.59,246.45,268.06,241.97
2022-04-27,252.48,257.09,266.34,243.47
2022-04-28,260.58,250.49,266.75,241.94
2022-04-29,257.29,263.78,267.59,244.71
2022-05-02,257.32,259.13,277.16,247.95
2022-05-03,255.91,259.95,270.92,247.18
2022-05-04,259.99,263.65,271.96,248.02
2022-05-05,258.37,261.08,273.58,246.56
2022-05-06,264.49,265.31,271.07,248.19
2022-05-09,263.16,259.11,273.98,243.31
2022-05-10,261.92,270.33,276.36,248.67
2022-05-11,259.2,265.27,274.28,241.53
2022-05-12,269.01,270.58,272.89,243.47
2022-05-13,256.95,258.4,273.87,241.42
2022-05-16,261.87,263.51,274.3,251.42
2022-05-17,254.28,259.0,277.73,250.34
2022-05-18,267.93,258.08,277.31,252.42
2022-05-19,266.48,266.39,274.77,243.41
2022-05-20,260.81,267.71,275.14,247.72
2022-05-23,269.23,264.1,283.98,255.03
2022-05-24,256.58,263.53,279.28,242.26
2022-05-25,271.87,270.06,284.23,254.78
2022-05-26,272.31,265.33,281.2,249.6
2022-05-27,268.98,272.61,282.49,259.62
2022-05-30,276.12,269.12,283.78,249.59
2022-05-31,275.07,269.23,281.77,258.89
2022-06-01,270.63,266.51,281.6,257.92
2022-06-02,278.7,265.38,283.17,254.12
2022-06-03,265.68,263.78,277.12,249.94
2022-06-06,267.55,263.72,283.2,253.44
2022-06-07,257.4,258.98,275.09,252.22
2022-06-08,255.48,263.5,272.61,240.4
2022-06-09,270.71,255.36,278.44,249.17
2022-06-10,252.02,261.09,274.04,249.33
2022-06-13,264.72,263.13,276.82,253.94
2022-06-14,261.84,258.06,282.7,252.42
2022-06-15,265.65,261.0,276.94,247.02
2022-06-16,269.08,272.52,275.54,249.73
2022-06-17,268.23,258.1,274.06,251.18
2022-06-20,266.0,262.33,275.83,252.96
2022-06-21,264.05,270.29,287.95,255.98
2022-06-22,265.95,261.59,279.75,256.76
2022-06-23,274.24,264.27,280.52,256.94
2022-06-24,270.1,270.89,285.25,253.85
2022-06-27,265.41,271.12,282.66,259.03
2022-06-28,274.63,278.6,284.55,255.21
2022-06-29,279.65,272.89,284.71,261.47
2022-06-30,273.77,270.33,290.3,259.89
2022-07-01,277.49,268.29,284.82,261.94
2022-07-04,275.3,280.78,287.7,261.57
2022-07-05,271.24,270.56,281.93,259.05
2022-07-06,279.56,268.58,283.5,259.17
2022-07-07,269.14,277.65,280.81,255.94
2022-07-08,266.29,267.07,279.57,254.54
2022-07-11,269.2,266.52,279.34,256.47
2022-07-12,256.64,267.02,275.74,252.6
2022-07-13,270.41,265.45,282.44,254.11
2022-07-14,263.49,267.84,278.87,255.02
2022-07-15,263.18,267.57,278.03,255.15
2022-07-18,264.95,264.24,279.21,252.61
2022-07-19,272.46,268.86,277.16,248.9
2022-07-20,262.47,267.8,276.89,252.26
2022-07-21,265.85,262.18,276.79,253.91
2022-07-22,262.61,262.43,276.77,253.89
2022-07-25,265.8,263.03,282.33,251.33
2022-07-26,271.84,258.74,275.72,252.84
2022-07-27,260.81,258.08,273.9,249.48
2022-07-28,261.25,270.85,278.73,252.12
2022-07-29,266.44,261.63,277.6,247.34
2022-08-01,266.45,257.5,287.28,255.83
2022-08-02,267.81,271.88,281.62,258.75
2022-08-03,273.7,269.67,280.54,254.71
2022-08-04,261.48,264.82,275.87,252.99
2022-08-05,262.1,256.79,274.44,244.16
2022-08-08,262.78,255.64,280.43,247.58
2022-08-09,265.41,268.41,276.79,246.53
2022-08-10,256.33,255.54,272.57,245.69
2022-08-11,269.03,260.32,280.06,252.69
2022-08-12,262.98,257.99,274.04,250.56
2022-08-15,261.53,254.5,275.26,251.24
2022-08-16,266.4,265.71,285.23,255.47
2022-08-17,263.93,265.5,278.88,256.0
2022-08-18,276.39,262.6,291.46,257.84
2022-08-19,264.41,264.97,276.94,254.06
2022-08-22,263.79,258.69,272.95,249.76
2022-08-23,264.1,269.74,276.06,244.9
2022-08-24,266.27,266.56,276.93,253.51
2022-08-25,265.04,265.16,277.93,253.49
2022-08-26,268.23,271.5,288.3,254.84
2022-08-29,261.98,266.05,273.56,250.68
2022-08-30,259.97,257.04,272.67,249.79
2022-08-31,262.56,266.94,276.49,246.7
2022-09-01,264.58,266.73,286.35,245.58
2022-09-02,262.23,255.5,272.31,249.18
2022-09-05,266.1,266.32,272.27,249.39
2022-09-06,251.86,252.97,270.17,246.61
2022-09-07,264.92,265.32,276.51,240.14
2022-09-08,258.58,261.5,277.34,247.61
2022-09-09,264.89,261.81,273.23,247.28
2022-09-12,264.17,258.56,280.02,245.13
2022-09-13,265.45,252.75,273.58,249.54
2022-09-14,255.03,261.31,270.85,246.2
2022-09-15,275.43,260.81,277.19,249.17
2022-09-16,253.07,257.6,269.57,246.1
2022-09-19,262.73,257.51,273.58,244.89
2022-09-20,252.11,261.96,268.81,245.93
2022-09-21,260.53,258.46,268.83,238.45
2022-09-22,256.62,264.6,272.51,249.63
2022-09-23,254.06,260.12,273.96,242.95
2022-09-26,251.31,258.82,272.79,244.37
2022-09-27,261.27,252.85,268.77,238.72
2022-09-28,254.4,254.98,272.03,244.96
2022-09-29,253.37,253.38,263.8,239.79
2022-09-30,251.66,250.26,263.38,237.99
2022-10-03,256.81,253.34,267.62,241.98
2022-10-04,245.12,246.78,264.08,232.99
2022-10-05,257.84,248.17,264.7,239.97
2022-10-06,256.83,256.02,269.36,239.23
2022-10-07,264.88,253.03,270.12,242.69
2022-10-10,260.75,254.21,271.78,238.0
2022-10-11,246.92,251.96,267.15,243.11
2022-10-12,261.81,252.5,265.03,238.89
2022-10-13,249.81,250.63,267.77,227.25
2022-10-14,250.18,246.34,260.06,237.19
2022-10-17,247.16,253.26,265.59,239.26
2022-10-18,248.15,242.9,259.59,233.72
2022-10-19,240.1,245.51,257.96,234.83
2022-10-20,243.56,241.7,256.14,232.08
2022-10-21,245.41,234.14,266.51,230.32
2022-10-24,241.72,239.31,261.24,224.63
2022-10-25,242.73,245.01,253.23,229.06
2022-10-26,242.48,240.98,254.06,231.18
2022-10-27,240.08,249.0,253.95,231.08
2022-10-28,243.64,254.41,257.34,232.73
2022-10-31,248.48,257.06,259.7,227.15
2022-11-01,240.83,237.79,256.32,230.17
2022-11-02,242.46,241.85,254.93,232.05
2022-11-03,246.79,249.44,254.77,231.89
2022-11-04,240.47,252.82,258.33,229.31
2022-11-07,246.16,241.31,258.43,232.34
2022-11-08,249.82,242.8,260.77,231.24
2022-11-09,238.09,241.93,262.23,227.03
2022-11-10,239.68,242.23,257.32,231.86
2022-11-11,244.84,239.1,261.29,235.65
2022-11-14,238.69,245.48,256.66,230.95
2022-11-15,257.69,249.02,259.48,233.7
2022-11-16,245.39,236.35,256.34,231.42
2022-11-17,242.58,254.08,256.62,228.38
2022-11-18,238.78,242.31,257.4,229.54
2022-11-21,247.63,242.38,259.81,231.6
2022-11-22,245.21,248.83,253.01,228.89
2022-11-23,242.53,244.27,255.4,232.52
2022-11-24,245.13,241.49,256.34,233.47
2022-11-25,242.38,245.11,254.18,222.92
2022-11-28,250.36,250.97,257.2,234.32
2022-11-29,243.15,249.25,261.08,228.91
2022-11-30,245.7,243.86,262.15,232.52
2022-12-01,254.12,248.93,255.88,229.65
2022-12-02,244.14,240.17,262.61,234.74
2022-12-05,247.58,248.42,258.29,232.88
2022-12-06,246.91,245.54,266.62,236.71
2022-12-07,243.15,250.4,260.52,236.29
2022-12-08,246.92,249.81,261.12,236.97
2022-12-09,248.07,243.8,262.9,233.69
2022-12-12,240.56,254.29,261.68,234.61
2022-12-13,253.41,245.75,264.96,240.93
2022-12-14,255.56,254.42,265.78,242.9
2022-12-15,257.73,253.45,265.21,241.15
2022-12-16,246.12,254.36,270.06,242.97
2022-12-19,251.7,256.85,267.4,244.52
2022-12-20,252.76,249.0,266.07,243.2
2022-12-21,257.24,257.23,270.93,243.17
2022-12-22,262.96,256.68,274.08,240.15
2022-12-23,260.75,252.83,268.62,245.74
2022-12-26,261.78,262.12,271.1,248.22
2022-12-27,262.75,261.68,275.29,244.5
2022-12-28,260.81,262.85,274.59,245.48
2022-12-29,257.37,259.88,273.73,250.85
2022-12-30,249.28,257.99,281.23,248.17
2023-01-02,262.21,269.33,272.39,246.12
2023-01-03,252.77,265.49,276.33,250.85
2023-01-04,264.54,259.6,282.67,242.41
2023-01-05,261.78,261.84,281.08,253.74
2023-01-06,263.05,262.76,274.95,249.16
2023-01-09,261.9,249.97,274.75,248.85
2023-01-10,261.82,261.96,272.37,249.5
2023-01-11,266.69,263.05,272.83,245.55
2023-01-12,249.75,249.4,269.69,242.85
2023-01-13,256.42,259.58,271.77,248.9
2023-01-16,253.97,261.78,282.95,249.05
2023-01-17,252.91,255.21,276.7,248.95
2023-01-18,263.77,266.17,273.4,239.08
2023-01-19,263.89,249.23,269.38,246.5
2023-01-20,256.42,266.29,269.19,242.12
2023-01-23,247.17,266.76,271.32,246.05
2023-01-24,252.91,266.39,279.95,247.99
2023-01-25,261.09,257.66,279.59,250.56
2023-01-26,267.4,259.26,271.15,246.37
2023-01-27,259.86,264.43,270.87,247.99
2023-01-30,264.27,267.8,283.02,252.88
2023-01-31,268.68,261.74,278.53,255.66
2023-02-01,274.43,266.05,278.66,253.52
2023-02-02,271.04,265.09,288.93,256.08
2023-02-03,273.05,270.19,282.04,256.02
2023-02-06,276.11,270.08,285.19,254.27
2023-02-07,256.12,271.16,279.93,255.01
2023-02-08,263.37,269.27,277.56,254.68
2023-02-09,265.87,264.79,275.86,250.2
2023-02-10,263.07,260.3,272.83,242.63
2023-02-13,262.43,273.89,275.65,248.83
2023-02-14,275.28,264.75,277.04,252.64
2023-02-15,261.49,262.8,278.31,241.58
2023-02-16,264.84,257.1,270.04,244.14
2023-02-17,256.86,253.0,279.53,248.18
2023-02-20,250.25,253.18,272.27,246.85
2023-02-21,263.14,256.38,269.39,246.51
2023-02-22,269.2,255.82,272.05,247.59
2023-02-23,251.38,251.86,269.16,231.94
2023-02-24,256.36,259.5,270.27,243.91
2023-02-27,255.9,265.72,270.74,247.86
2023-02-28,260.53,250.33,269.54,236.39
2023-03-01,256.86,251.81,271.75,243.0
2023-03-02,256.03,262.32,267.44,244.41
2023-03-03,245.65,251.57,274.91,242.22
2023-03-06,258.32,254.19,261.03,236.38
2023-03-07,258.49,255.08,261.81,238.85
2023-03-08,248.68,256.13,266.63,239.72
2023-03-09,248.62,249.77,262.4,239.53
2023-03-10,246.65,258.83,262.3,239.43
2023-03-13,238.04,249.2,260.73,236.93
2023-03-14,249.7,252.34,264.46,238.65
2023-03-15,257.62,256.83,259.38,233.29
2023-03-16,252.36,247.05,255.97,233.09
2023-03-17,245.79,237.79,257.48,232.02
2023-03-20,244.31,236.05,252.42,222.35
2023-03-21,238.41,242.92,257.01,221.97
2023-03-22,229.08,232.16,247.23,223.68
2023-03-23,234.51,241.7,247.74,224.2
2023-03-24,239.1,232.23,253.64,229.18
2023-03-27,237.04,234.66,250.34,227.46
2023-03-28,236.02,235.18,249.38,226.5
2023-03-29,238.92,232.4,250.65,223.35
2023-03-30,229.49,241.41,260.78,226.01
2023-03-31,238.61,231.68,248.71,225.83
2023-04-03,240.8,233.75,249.78,213.64
2023-04-04,245.06,230.26,254.66,228.02
2023-04-05,244.06,239.93,257.58,225.69
2023-04-06,244.22,238.38,255.96,229.61
2023-04-07,255.03,234.15,257.79,231.56
2023-04-10,240.53,246.82,255.29,232.41
2023-04-11,245.57,249.16,264.82,231.84
2023-04-12,242.64,247.0,255.3,231.58
2023-04-13,243.33,247.83,259.33,227.88
2023-04-14,241.25,238.0,251.89,224.59
2023-04-17,243.28,238.1,250.68,222.48
2023-04-18,243.8,240.58,252.4,229.52
2023-04-19,238.32,237.77,252.78,229.72
2023-04-20,238.97,236.37,254.77,231.89
2023-04-21,241.85,242.52,255.6,231.37
2023-04-24,244.2,243.54,261.65,235.73
2023-04-25,246.27,266.5,268.26,235.41
2023-04-26,258.98,255.61,263.64,238.9
2023-04-27,254.67,246.54,262.29,238.86
2023-04-28,247.42,241.13,270.3,236.21
2023-05-01,255.58,252.25,270.04,241.78
2023-05-02,245.6,253.23,262.75,237.21
2023-05-03,238.68,239.11,255.22,232.34
2023-05-04,258.53,244.96,260.29,231.29
2023-05-05,246.02,240.85,255.17,229.4
2023-05-08,249.41,245.44,258.29,226.85
2023-05-09,253.49,253.18,257.88,229.74
2023-05-10,249.66,242.81,261.13,238.25
2023-05-11,252.47,239.47,262.73,238.35
2023-05-12,256.66,260.47,262.94,234.97
2023-05-15,252.66,249.89,263.42,237.06
2023-05-16,255.17,249.94,264.1,237.15
2023-05-17,250.3,255.53,263.23,240.35
2023-05-18,255.33,244.87,270.9,238.02
2023-05-19,245.56,251.42,267.94,238.32
2023-05-22,246.57,253.16,263.44,239.79
2023-05-23,250.61,249.27,267.3,240.37
2023-05-24,246.24,243.78,262.85,239.2
2023-05-25,251.8,256.28,272.12,236.55
2023-05-26,247.74,254.96,262.8,239.44
2023-05-29,247.11,256.38,259.79,236.91
2023-05-30,249.42,259.73,266.61,236.57
2023-05-31,258.86,246.71,260.62,234.32
2023-06-01,247.14,243.91,266.75,235.18
2023-06-02,244.38,253.84,261.58,233.07
2023-06-05,247.27,246.79,261.42,228.49
2023-06-06,256.71,243.71,266.71,237.8
2023-06-07,239.65,249.28,263.33,235.38
2023-06-08,243.83,247.73,257.53,234.59
2023-06-09,249.9,237.52,255.78,226.31
2023-06-12,252.75,245.66,256.85,226.87
2023-06-13,246.37,242.51,258.79,233.32
2023-06-14,250.94,249.25,258.38,226.83
2023-06-15,240.41,239.35,258.25,226.34
2023-06-16,244.8,251.18,258.11,230.5
2023-06-19,245.22,246.51,261.37,226.6
2023-06-20,241.94,245.26,257.1,230.03
2023-06-21,236.57,241.21,260.0,232.45
2023-06-22,236.67,243.82,258.38,225.88
2023-06-23,234.04,249.51,253.25,230.37
2023-06-26,242.83,235.84,256.6,226.65
2023-06-27,231.82,245.28,251.55,225.16
2023-06-28,237.04,241.84,248.6,221.04
2023-06-29,234.87,244.77,249.07,226.19
2023-06-30,236.19,250.07,251.83,216.02
2023-07-03,240.48,228.39,247.58,214.24
2023-07-04,234.55,229.13,246.78,215.99
2023-07-05,250.24,231.96,252.0,216.6
2023-07-06,240.36,239.57,252.2,224.21
2023-07-07,234.42,240.93,245.91,220.25
2023-07-10,238.98,235.46,246.17,212.54
2023-07-11,235.76,225.94,247.63,224.75
2023-07-12,238.7,238.22,245.2,214.58
2023-07-13,227.4,234.49,244.23,215.53
2023-07-14,238.03,230.12,244.16,221.28
2023-07-17,230.66,231.71,246.28,222.08
2023-07-18,228.63,229.32,247.43,223.69
2023-07-19,230.22,243.21,249.84,214.89
2023-07-20,238.29,240.4,255.1,221.74
2023-07-21,234.56,228.91,248.21,220.8
2023-07-24,236.97,230.88,247.43,224.55
2023-07-25,226.51,241.41,246.64,218.11
2023-07-26,242.64,243.87,248.19,225.31
2023-07-27,232.32,238.47,251.12,217.29
2023-07-28,224.76,231.91,246.44,214.7
2023-07-31,236.0,235.13,248.04,221.79
2023-08-01,235.77,245.3,247.06,222.83
2023-08-02,241.96,242.12,247.35,224.47
2023-08-03,239.29,240.12,251.48,216.57
2023-08-04,243.07,241.72,246.39,223.51
2023-08-07,243.64,237.57,245.53,219.74
2023-08-08,243.49,236.22,246.63,220.21
2023-08-09,228.87,230.18,248.51,221.12
2023-08-10,232.46,224.98,248.95,219.6
2023-08-11,215.76,239.82,251.7,214.64
2023-08-14,219.95,225.37,235.14,212.26
2023-08-15,219.27,219.87,235.2,212.32
2023-08-16,223.86,213.7,233.82,206.9
2023-08-17,226.61,214.95,234.51,211.63
2023-08-18,217.78,221.58,230.73,205.41
2023-08-21,222.15,219.2,230.58,207.7
2023-08-22,216.52,208.32,228.82,205.14
2023-08-23,224.32,216.43,229.59,206.71
2023-08-24,214.66,219.21,236.12,206.93
2023-08-25,211.51,206.13,228.44,205.02
2023-08-28,220.21,212.95,228.8,201.44
2023-08-29,223.08,208.81,228.06,201.22
2023-08-30,214.19,218.52,227.91,195.23
2023-08-31,210.56,215.36,226.81,203.94
2023-09-01,221.12,221.23,226.9,204.02
2023-09-04,216.9,212.41,224.23,198.45
2023-09-05,214.15,212.47,224.19,201.31
2023-09-06,207.75,215.61,221.48,198.6
2023-09-07,204.83,220.12,221.88,195.91
2023-09-08,215.31,199.36,223.0,198.24
2023-09-11,225.51,215.34,227.27,199.76
2023-09-12,214.34,216.59,235.28,203.4
2023-09-13,212.96,210.53,224.66,200.72
2023-09-14,210.29,213.38,235.1,194.25
2023-09-15,205.32,212.6,226.4,199.75
2023-09-18,209.46,212.3,224.4,201.32
2023-09-19,218.27,214.85,228.38,199.17
2023-09-20,214.16,212.11,225.85,197.79
2023-09-21,223.59,211.53,228.19,200.53
2023-09-22,210.93,210.15,224.84,199.9
2023-09-25,212.62,217.81,221.5,198.62
2023-09-26,207.08,199.69,220.67,197.79
2023-09-27,211.61,202.29,229.21,196.95
2023-09-28,207.08,197.46,215.14,182.69
2023-09-29,201.38,210.23,229.61,194.91
2023-10-02,208.23,202.47,224.01,188.43
2023-10-03,197.09,193.69,221.06,190.76
2023-10-04,209.01,202.96,226.33,198.58
2023-10-05,208.9,203.13,222.99,200.11
2023-10-06,203.91,210.83,222.66,186.54
2023-10-09,198.03,207.18,223.13,196.91
2023-10-10,202.87,199.91,227.81,197.68
2023-10-11,207.1,203.61,226.58,194.03
2023-10-12,199.73,219.72,221.48,195.54
2023-10-13,202.47,206.12,219.8,194.82
2023-10-16,197.02,211.03,219.21,195.9
2023-10-17,207.87,211.06,222.36,199.48
2023-10-18,210.07,210.67,221.68,198.8
2023-10-19,212.3,205.73,224.07,199.85
2023-10-20,214.93,215.58,228.29,200.43
2023-10-23,207.73,215.78,229.07,200.52
2023-10-24,201.11,214.86,229.76,193.63
2023-10-25,206.08,209.06,219.64,194.0
2023-10-26,209.93,202.61,220.4,197.22
2023-10-27,205.87,212.95,225.95,196.76
2023-10-30,218.63,213.53,220.39,187.9
2023-10-31,212.83,208.28,229.44,198.11
2023-11-01,211.0,211.6,222.85,197.47
2023-11-02,214.92,213.96,223.9,199.42
2023-11-03,205.46,209.3,219.35,181.32
2023-11-06,211.15,204.31,223.36,193.81
2023-11-07,199.43,209.44,217.65,192.64
2023-11-08,207.09,202.56,219.72,186.74
2023-11-09,206.94,204.69,218.02,181.92
2023-11-10,204.93,204.1,225.05,193.73
2023-11-13,213.21,209.1,217.98,195.1
2023-11-14,199.91,210.22,219.28,196.1
2023-11-15,201.67,215.99,226.72,198.14
2023-11-16,207.95,211.96,216.49,193.61
2023-11-17,198.65,204.05,214.5,191.62
2023-11-20,205.21,196.66,216.15,193.27
2023-11-21,196.05,202.93,218.31,191.95
2023-11-22,202.21,201.97,219.06,191.62
2023-11-23,197.33,197.59,210.81,179.83
2023-11-24,197.44,193.1,206.18,183.3
2023-11-27,180.39,195.27,206.15,179.27
2023-11-28,189.6,198.72,204.75,181.87
2023-11-29,186.72,188.33,205.81,176.51
2023-11-30,198.62,186.43,206.65,172.93
2023-12-01,189.74,188.77,206.88,176.0
2023-12-04,191.85,192.99,207.23,183.56
2023-12-05,193.11,192.13,211.24,174.05
2023-12-06,194.81,188.01,203.52,179.55
2023-12-07,188.83,193.06,204.17,180.39
2023-12-08,187.64,185.32,207.06,181.7
2023-12-11,190.04,186.4,204.08,181.2
2023-12-12,197.44,202.96,205.19,180.65
2023-12-13,196.67,191.66,206.97,180.17
2023-12-14,191.77,207.06,208.82,182.64
2023-12-15,193.82,197.92,206.4,181.84
2023-12-18,190.18,193.76,205.15,182.27
2023-12-19,186.18,190.09,201.95,168.28
2023-12-20,192.44,192.27,201.42,177.97
2023-12-21,197.92,192.26,215.45,176.39
2023-12-22,184.45,190.95,202.73,177.83
2023-12-25,192.48,191.96,200.23,171.88
2023-12-26,197.19,188.49,201.39,178.51
2023-12-27,182.12,185.66,204.94,173.36
2023-12-28,188.44,192.64,204.77,176.53
2023-12-29,186.74,186.39,200.15,177.27
2024-01-01,183.72,183.17,206.09,176.5
2024-01-02,185.07,186.62,199.3,176.11
2024-01-03,184.15,186.44,202.48,174.19
2024-01-04,191.34,190.85,200.27,175.93
2024-01-05,193.0,180.67,198.95,176.08
2024-01-08,188.02,190.34,203.1,170.82
2024-01-09,182.24,189.36,197.32,174.15
2024-01-10,175.34,174.86,194.92,172.05
2024-01-11,181.24,179.5,193.51,163.6
2024-01-12,182.84,169.66,194.48,168.54
2024-01-15,176.04,185.97,192.94,157.08
2024-01-16,181.67,186.75,195.2,163.98
2024-01-17,179.49,177.79,195.43,171.89
2024-01-18,186.56,174.59,204.97,170.92
2024-01-19,183.02,182.11,201.28,166.29
2024-01-22,173.11,187.07,192.51,168.72
2024-01-23,177.81,184.65,195.14,164.72
2024-01-24,186.43,180.45,195.89,171.53
2024-01-25,185.47,196.12,204.46,172.86
2024-01-26,181.48,180.58,200.0,172.44
2024-01-29,183.36,179.72,202.17,172.32
2024-01-30,189.5,188.02,202.88,174.79
2024-01-31,186.41,193.2,202.32,166.5
2024-02-01,186.71,185.86,206.14,175.58
2024-02-02,181.67,179.81,200.51,169.54
2024-02-05,184.29,183.94,195.08,165.48
2024-02-06,187.45,180.22,193.81,170.93
2024-02-07,178.8,188.78,204.31,171.33
2024-02-08,179.44,190.53,207.4,174.48
2024-02-09,184.41,190.87,196.92,173.83
2024-02-12,192.73,193.22,199.27,176.2
2024-02-13,181.76,190.53,198.11,172.96
2024-02-14,185.87,180.25,199.98,170.16
2024-02-15,179.92,186.85,198.14,175.26
2024-02-16,185.68,187.52,209.27,176.45
2024-02-19,195.64,191.15,199.18,174.96
2024-02-20,195.7,193.88,205.54,177.27
2024-02-21,173.1,191.36,197.98,171.98
2024-02-22,188.62,181.78,198.4,162.43
2024-02-23,182.52,180.73,196.29,173.41
2024-02-26,189.99,197.49,199.25,168.39
2024-02-27,177.08,185.01,196.33,173.45
2024-02-28,190.15,189.39,197.48,172.33
2024-02-29,177.47,182.35,209.45,167.78
2024-03-01,177.05,176.61,196.8,171.6
2024-03-04,192.28,183.96,196.49,172.57
2024-03-05,180.6,177.74,195.56,172.68
2024-03-06,184.02,185.83,196.45,172.6
2024-03-07,183.01,180.66,195.34,172.46
2024-03-08,182.09,177.2,198.24,172.17
2024-03-11,193.28,180.26,200.27,175.36
2024-03-12,193.91,183.99,199.62,176.75
2024-03-13,193.08,183.44,202.31,177.84
2024-03-14,189.89,195.33,200.11,176.26
2024-03-15,177.67,178.7,204.1,176.55
2024-03-18,182.42,182.63,200.56,173.7
2024-03-19,178.87,187.1,195.6,167.26
2024-03-20,189.56,183.08,199.27,174.96
2024-03-21,189.26,178.73,197.33,174.45
2024-03-22,188.94,180.39,200.51,173.94
2024-03-25,185.56,174.78,198.1,173.66
2024-03-26,193.07,181.96,197.91,175.03
2024-03-27,188.99,184.79,199.12,173.56
2024-03-28,190.37,196.72,201.48,171.9
2024-03-29,191.15,187.17,197.9,175.02
2024-04-01,180.97,188.65,197.79,174.92
2024-04-02,183.33,182.71,209.42,168.77
2024-04-03,189.86,192.81,201.12,171.52
2024-04-04,187.31,183.66,196.02,173.14
2024-04-05,185.63,186.2,196.32,173.44
2024-04-08,192.38,193.29,204.28,175.0
2024-04-09,185.59,191.16,201.32,173.95
2024-04-10,178.71,180.64,197.62,172.38
2024-04-11,179.95,178.84,197.78,171.88
2024-04-12,184.44,190.19,197.32,174.42
2024-04-15,178.12,187.94,210.1,176.84
2024-04-16,188.28,190.57,203.74,177.06
2024-04-17,199.68,195.24,206.23,183.35
2024-04-18,193.24,198.65,206.05,182.11
2024-04-19,197.69,196.48,207.96,182.01
2024-04-22,182.65,191.7,212.17,177.7
2024-04-23,196.42,187.92,204.34,180.59
2024-04-24,196.46,203.14,211.29,180.17
2024-04-25,186.24,190.41,208.12,177.63
2024-04-26,191.07,191.21,203.43,180.55
2024-04-29,189.7,186.48,202.88,171.68
2024-04-30,192.04,196.07,202.46,178.32
2024-05-01,192.64,186.24,206.16,178.79
2024-05-02,188.61,192.03,204.43,175.78
2024-05-03,193.95,200.31,208.0,179.54
2024-05-06,188.48,192.39,204.4,181.52
2024-05-07,192.56,194.88,207.66,182.12
2024-05-08,192.53,184.23,200.74,174.35
2024-05-09,187.05,184.59,201.48,177.77
2024-05-10,192.78,189.71,198.4,170.6
2024-05-13,187.97,185.11,204.65,170.47
2024-05-14,188.54,189.58,203.22,177.14
2024-05-15,194.95,186.48,206.41,178.98
2024-05-16,188.29,193.68,202.79,179.92
2024-05-17,188.62,190.28,204.09,179.12
2024-05-20,190.27,186.79,198.79,175.91
2024-05-21,184.66,183.2,204.64,171.82
2024-05-22,185.44,189.62,202.6,177.26
2024-05-23,196.18,187.58,201.81,178.86
2024-05-24,186.34,181.4,208.48,177.71
2024-05-27,193.07,197.93,205.63,179.38
2024-05-28,187.64,194.09,202.82,177.34
2024-05-29,180.79,179.07,196.72,169.62
2024-05-30,180.13,182.96,195.23,167.54
2024-05-31,186.43,191.34,204.74,174.48
2024-06-03,182.24,192.15,197.95,169.18
2024-06-04,189.53,174.83,203.25,172.38
2024-06-05,172.86,179.4,202.97,166.27
2024-06-06,168.76,168.76,185.71,162.83
2024-06-07,175.27,175.5,191.03,157.47
2024-06-10,167.94,176.76,184.36,151.15
2024-06-11,168.82,168.13,186.05,162.47
2024-06-12,181.18,174.68,189.19,154.05
2024-06-13,176.81,174.12,190.74,162.59
2024-06-14,163.53,178.67,192.42,162.2
2024-06-17,185.35,185.94,194.08,160.74
2024-06-18,174.23,173.56,193.89,163.0
2024-06-19,177.58,171.33,186.26,163.38
2024-06-20,175.32,177.76,186.19,161.62
2024-06-21,164.73,167.81,183.89,161.01
2024-06-24,167.1,171.46,190.29,159.53
2024-06-25,172.08,170.39,184.08,158.61
2024-06-26,173.08,174.63,183.01,159.6
2024-06-27,168.94,165.75,184.48,158.27
2024-06-28,171.26,168.53,185.92,162.41
2024-07-01,169.42,177.04,185.32,162.44
2024-07-02,176.18,170.97,192.8,165.7
2024-07-03,179.59,174.22,192.1,164.21
2024-07-04,164.23,168.69,181.29,156.69
2024-07-05,165.14,154.25,180.17,153.13
2024-07-08,166.15,174.67,182.58,157.82
2024-07-09,172.16,184.18,185.94,159.81
2024-07-10,166.28,160.54,178.6,152.31
2024-07-11,167.04,166.53,178.54,154.12
2024-07-12,170.78,159.31,181.36,156.17
2024-07-15,176.27,170.23,188.72,160.17
2024-07-16,171.38,168.25,183.26,160.38
2024-07-17,166.96,172.75,185.53,162.65
2024-07-18,176.16,172.18,186.54,159.27
2024-07-19,181.35,168.36,189.55,161.49
2024-07-22,171.45,170.39,186.31,153.86
2024-07-23,178.68,166.43,187.73,157.92
2024-07-24,185.04,174.53,188.18,161.98
2024-07-25,169.74,175.16,185.69,162.82
2024-07-26,179.85,182.02,185.83,160.14
2024-07-29,175.24,179.76,185.52,152.49
2024-07-30,173.27,185.86,187.62,157.72
2024-07-31,181.04,173.98,187.13,164.26
2024-08-01,178.97,173.73,197.4,152.4
2024-08-02,177.89,171.18,187.72,155.57
2024-08-05,168.4,170.9,185.78,162.9
2024-08-06,174.51,180.24,186.7,162.86
2024-08-07,168.32,171.72,188.58,164.62
2024-08-08,184.5,185.97,191.04,168.16
2024-08-09,170.76,185.65,192.2,168.26
2024-08-12,189.15,194.23,195.99,165.03
2024-08-13,176.93,180.55,193.29,168.19
2024-08-14,183.21,183.99,193.22,166.5
2024-08-15,182.31,180.7,199.44,171.61
2024-08-16,184.96,178.48,195.55,172.67
2024-08-19,188.28,183.26,196.39,162.51
2024-08-20,185.97,183.55,197.64,172.62
2024-08-21,183.49,179.67,194.95,162.36
2024-08-22,183.06,175.13,199.86,172.15
2024-08-23,179.3,184.94,195.59,172.21
2024-08-26,184.57,180.54,195.73,171.77
2024-08-27,185.88,182.37,202.1,169.49
2024-08-28,184.96,191.22,196.21,173.33
2024-08-29,182.67,183.29,195.81,164.03
2024-08-30,178.16,178.19,207.27,170.15
2024-09-02,177.98,183.14,191.07,167.14
2024-09-03,175.99,175.4,190.3,167.42
2024-09-04,168.83,183.77,197.6,161.2
2024-09-05,179.29,178.88,191.77,158.84
2024-09-06,179.07,165.04,195.97,163.92
2024-09-09,174.14,182.12,186.25,163.35
2024-09-10,179.19,176.41,185.47,155.91
2024-09-11,166.96,171.79,182.86,153.66
2024-09-12,165.7,174.81,182.26,159.38
2024-09-13,182.92,176.67,186.09,160.82
2024-09-16,167.52,174.84,182.56,159.68
2024-09-17,172.54,165.19,185.23,158.75
2024-09-18,177.51,167.75,185.17,156.74
2024-09-19,171.59,160.5,179.49,156.61
2024-09-20,171.73,170.58,183.85,147.38
2024-09-23,168.84,166.52,179.92,157.04
2024-09-24,164.57,170.63,180.72,157.84
2024-09-25,161.46,178.24,183.36,159.29
2024-09-26,171.0,167.27,187.44,161.24
2024-09-27,172.51,176.22,195.46,164.08
2024-09-30,180.41,168.36,187.96,163.05
2024-10-01,170.07,171.08,189.04,160.15
2024-10-02,171.84,172.93,189.03,164.2
2024-10-03,167.51,180.66,186.89,162.25
2024-10-04,162.47,173.51,189.43,160.85
2024-10-07,173.18,175.78,183.1,157.85
2024-10-08,174.21,162.91,199.36,159.98
2024-10-09,172.17,165.1,182.28,158.36
2024-10-10,165.15,172.37,189.47,156.59
2024-10-11,162.13,162.8,176.72,153.84
2024-10-14,156.72,170.51,177.28,153.16
2024-10-15,163.86,165.79,177.19,151.67
2024-10-16,157.21,166.82,177.21,154.1
2024-10-17,176.29,166.86,178.59,155.71
2024-10-18,164.87,173.0,179.36,156.48
2024-10-21,166.69,169.13,179.74,153.42
2024-10-22,161.71,161.39,174.45,147.56
2024-10-23,170.11,167.71,176.53,153.65
2024-10-24,162.28,164.08,176.7,150.25
2024-10-25,163.71,159.83,169.72,146.85
2024-10-28,157.84,159.68,167.55,140.12
2024-10-29,157.97,159.48,179.59,147.69
2024-10-30,159.62,159.55,170.24,146.83
2024-10-31,151.53,152.79,168.11,145.23
2024-11-01,162.94,160.14,170.62,145.34
2024-11-04,153.04,157.33,166.04,143.04
2024-11-05,141.24,153.16,160.92,138.04
2024-11-06,150.75,154.19,160.87,137.99
2024-11-07,150.38,143.16,166.68,129.58
2024-11-08,144.99,147.56,157.21,129.96
2024-11-11,136.49,146.86,156.82,133.94
2024-11-12,146.02,136.79,157.25,134.37
2024-11-13,150.24,146.92,161.42,138.28
2024-11-14,154.61,152.34,164.68,141.8
2024-11-15,153.38,154.69,162.59,132.76
2024-11-18,152.29,152.13,163.52,133.17
2024-11-19,150.74,148.61,162.78,137.0
2024-11-20,145.14,153.58,161.57,138.69
2024-11-21,142.75,153.06,162.64,137.36
2024-11-22,154.09,144.8,169.7,139.51
2024-11-25,150.18,149.97,165.11,141.87
2024-11-26,149.82,158.94,168.81,137.99
2024-11-27,152.78,156.17,170.48,147.5
2024-11-28,150.08,164.99,176.93,144.62
2024-11-29,155.65,158.05,171.73,146.52
2024-12-02,147.46,156.93,167.78,141.33
2024-12-03,154.13,140.57,166.62,139.45
2024-12-04,156.7,158.58,167.83,143.61
2024-12-05,152.69,161.26,165.0,128.61
2024-12-06,158.5,156.76,166.62,136.62
2024-12-09,138.0,144.86,166.41,136.88
2024-12-10,158.62,152.34,160.99,137.21
2024-12-11,150.03,147.48,159.86,136.98
2024-12-12,153.98,150.51,157.34,134.46
2024-12-13,136.57,143.2,159.12,132.96
2024-12-16,144.15,145.5,160.06,131.47
2024-12-17,147.6,140.98,159.13,132.82
2024-12-18,134.48,138.27,156.72,129.09
2024-12-19,140.84,139.19,160.36,116.78
2024-12-20,131.34,133.05,150.3,123.76
2024-12-23,134.35,132.23,148.72,124.3
2024-12-24,133.99,118.01,147.56,116.9
2024-12-25,123.43,141.89,145.66,116.26
2024-12-26,137.3,129.71,148.07,125.19
2024-12-27,130.16,136.77,154.87,126.8
2024-12-30,140.26,141.24,151.0,120.17
2024-12-31,142.42,135.13,152.34,127.77
2025-01-01,136.7,136.73,156.51,124.78
2025-01-02,140.48,140.44,154.3,131.42
2025-01-03,135.01,144.75,160.69,132.16
2025-01-06,153.56,143.92,160.78,137.74
2025-01-07,145.43,149.26,161.35,137.79
2025-01-08,150.09,144.31,161.19,128.78
2025-01-09,143.17,142.53,160.41,130.96
2025-01-10,144.44,148.29,162.53,135.33
2025-01-13,143.18,137.5,155.8,127.96
2025-01-14,150.22,142.1,157.46,128.4
2025-01-15,139.97,148.09,162.86,133.66
2025-01-16,150.6,161.2,162.96,137.9
2025-01-17,155.64,147.01,160.72,137.84
2025-01-20,153.12,151.14,158.35,133.69
2025-01-21,150.73,146.47,161.44,136.54
2025-01-22,141.13,142.32,158.49,132.77
2025-01-23,145.93,146.61,159.31,133.95
2025-01-24,142.09,153.88,159.88,132.98
2025-01-27,153.82,143.62,156.87,126.63
2025-01-28,143.79,148.11,161.54,128.92
2025-01-29,151.37,156.98,158.74,129.36
2025-01-30,141.17,147.97,159.67,134.17
2025-01-31,149.45,154.31,159.89,137.01
2025-02-03,150.05,151.28,163.46,133.86
2025-02-04,149.47,152.85,160.8,137.93
2025-02-05,142.77,155.39,161.63,138.75
2025-02-06,144.54,147.66,163.14,135.77
2025-02-07,157.3,152.47,166.22,134.33
2025-02-10,153.22,150.39,165.33,142.45
2025-02-11,160.43,149.86,166.97,144.09
2025-02-12,157.02,149.82,169.83,144.57
2025-02-13,152.16,153.49,171.52,143.3
2025-02-14,147.88,159.9,164.64,141.76
2025-02-17,148.31,150.25,165.84,130.76
2025-02-18,149.75,156.69,164.76,137.89
2025-02-19,149.84,147.54,175.5,137.94
2025-02-20,155.76,157.58,169.97,147.09
2025-02-21,158.33,146.26,167.1,144.2
2025-02-24,153.54,145.88,164.53,139.64
2025-02-25,163.7,159.34,166.12,137.92
2025-02-26,156.55,151.74,168.36,145.48
2025-02-27,152.54,161.85,168.52,143.29
2025-02-28,166.54,160.11,172.3,149.42
2025-03-03,148.82,163.29,169.96,144.83
2025-03-04,157.68,156.49,178.11,146.9
2025-03-05,153.7,164.96,172.32,142.44
2025-03-06,166.68,151.51,168.44,141.56
2025-03-07,159.21,160.61,167.95,143.64
2025-03-10,158.0,160.48,181.91,147.54
2025-03-11,158.58,163.14,185.19,147.66
2025-03-12,153.1,162.07,167.53,140.98
2025-03-13,156.0,154.61,172.29,144.62
2025-03-14,162.77,152.23,173.95,145.97
2025-03-17,157.41,154.44,167.21,143.96
2025-03-18,153.81,163.93,168.49,145.61
2025-03-19,161.92,164.09,170.09,147.21
2025-03-20,162.13,162.69,167.93,142.85
2025-03-21,159.66,152.59,168.49,142.14
2025-03-24,150.32,163.95,170.91,144.74
2025-03-25,157.43,169.68,171.44,138.03
2025-03-26,147.82,159.96,168.7,144.74
2025-03-27,158.57,155.71,169.21,143.98
2025-03-28,161.17,159.0,168.0,143.75
2025-03-31,168.08,149.37,172.96,146.43
2025-04-01,167.42,162.13,172.46,146.92
2025-04-02,152.16,155.09,168.12,135.78
2025-04-03,168.6,160.49,170.71,144.97
2025-04-04,163.44,168.17,170.21,145.88
2025-04-07,151.69,156.44,168.73,145.85
2025-04-08,156.45,157.74,171.11,139.81
2025-04-09,154.44,154.85,180.59,136.01
2025-04-10,146.22,147.61,163.69,138.67
2025-04-11,152.6,149.61,173.18,138.73
2025-04-14,155.38,152.11,165.32,140.7
2025-04-15,159.75,156.85,171.91,140.72
2025-04-16,159.5,164.46,167.64,144.73
2025-04-17,149.64,148.21,164.72,139.46
2025-04-18,154.04,146.59,163.63,140.75
2025-04-21,153.88,148.36,168.57,138.48
2025-04-22,147.61,158.63,161.64,138.76
2025-04-23,154.68,158.35,168.19,139.44
2025-04-24,156.93,163.3,165.06,142.07
2025-04-25,161.82,154.85,174.15,145.44
2025-04-28,157.7,163.44,168.83,141.59
2025-04-29,155.83,153.54,168.44,145.57
2025-04-30,152.23,154.38,167.78,144.9
2025-05-01,156.37,160.55,173.23,146.45
2025-05-02,149.52,154.87,172.41,141.34
2025-05-05,160.2,164.19,172.97,145.45
2025-05-06,157.76,158.52,169.27,142.91
2025-05-07,151.46,155.59,170.3,146.42
2025-05-08,159.43,165.3,177.8,149.25
2025-05-09,161.58,158.15,172.52,145.0
2025-05-12,152.15,152.69,174.19,148.96
2025-05-13,155.04,154.49,166.79,143.91
2025-05-14,149.71,153.5,170.77,141.16
2025-05-15,141.58,156.05,177.76,140.46
2025-05-16,158.33,150.49,168.35,145.47
2025-05-19,149.42,149.87,165.65,139.16
2025-05-20,152.0,148.81,166.03,136.86
2025-05-21,147.18,153.52,166.43,143.55
2025-05-22,152.91,151.73,166.41,133.53
2025-05-23,155.25,145.75,168.16,137.23
2025-05-26,149.77,149.3,164.28,134.88
2025-05-27,155.0,143.51,161.93,135.24
2025-05-28,151.81,153.37,164.51,133.29
2025-05-29,149.78,154.18,160.7,133.26
2025-05-30,146.78,142.79,162.81,137.29
2025-06-02,136.49,145.17,169.7,134.69
2025-06-03,142.31,153.13,168.33,137.81
2025-06-04,155.13,137.79,158.84,135.96
2025-06-05,142.83,146.93,157.62,134.74
2025-06-06,154.93,141.1,156.69,131.89
2025-06-09,145.72,151.95,159.75,135.17
2025-06-10,137.77,145.64,153.47,130.59
2025-06-11,137.88,146.19,156.25,126.58
2025-06-12,142.86,145.13,162.86,130.57
2025-06-13,144.49,144.44,155.34,132.46
2025-06-16,149.47,133.77,154.74,131.86
2025-06-17,143.88,144.45,157.5,134.39
2025-06-18,144.21,139.5,165.96,131.13
2025-06-19,147.31,152.76,156.37,133.08
2025-06-20,140.11,144.2,153.61,129.23
2025-06-23,147.69,144.18,154.58,128.34
2025-06-24,143.34,141.37,154.3,130.71
2025-06-25,152.03,142.37,154.6,126.37
2025-06-26,144.79,142.54,154.05,127.19
2025-06-27,131.99,129.87,152.33,127.84
